window,band_width,total_profit,trades,avg_profit,win_rate
10,1.0,2909.0,4922,0.5910199106054449,0.7945956928078017
10,1.1,2984.0,4819,0.6192156048972816,0.7902054368126167
10,1.2000000000000002,2820.5,4579,0.6159641843197204,0.7875081895610395
10,1.3000000000000003,2633.0,4256,0.6186560150375939,0.7838345864661654
10,1.4000000000000004,2417.5,3827,0.6316958453096421,0.7841651424091978
10,1.5000000000000004,2287.0,3393,0.6740347774830533,0.78868258178603
10,1.6000000000000005,2042.5,2953,0.6916694886556045,0.7842871655943109
10,1.7000000000000006,1763.5,2507,0.7034303948942959,0.7722377343438372
10,1.8000000000000007,1384.0,2003,0.690963554667998,0.7533699450823764
10,1.9000000000000008,1128.5,1582,0.7133375474083439,0.7427307206068268
10,2.000000000000001,763.5,1197,0.6378446115288221,0.7218045112781954
10,2.100000000000001,521.0,887,0.5873731679819617,0.6820744081172492
10,2.200000000000001,384.5,611,0.6292962356792144,0.6775777414075287
10,2.300000000000001,315.0,381,0.8267716535433071,0.6955380577427821
10,2.4000000000000012,212.0,221,0.9592760180995475,0.6923076923076923
10,2.5000000000000013,144.0,117,1.2307692307692308,0.6923076923076923
10,2.6000000000000014,99.0,54,1.8333333333333333,0.6481481481481481
10,2.7000000000000015,70.5,16,4.40625,0.5
10,2.8000000000000016,75.0,3,25.0,0.6666666666666666
10,2.9000000000000017,0.0,0,0.0,0.0
10,3.0000000000000018,0.0,0,0.0,0.0
11,1.0,2756.0,4791,0.575245251513254,0.7987893967856398
11,1.1,2807.0,4667,0.6014570387829441,0.7932290550674952
11,1.2000000000000002,2742.5,4479,0.6123018530922081,0.7858897075240009
11,1.3000000000000003,2686.5,4202,0.6393384102808186,0.789148024750119
11,1.4000000000000004,2454.0,3814,0.6434189826953329,0.7907708442579968
11,1.5000000000000004,2267.0,3415,0.6638360175695461,0.7912152269399707
11,1.6000000000000005,2097.5,2965,0.7074198988195616,0.7922428330522766
11,1.7000000000000006,1752.0,2520,0.6952380952380952,0.7821428571428571
11,1.8000000000000007,1492.0,2116,0.7051039697542533,0.7679584120982986
11,1.9000000000000008,1185.0,1672,0.708732057416268,0.7505980861244019
11,2.000000000000001,876.5,1304,0.6721625766871165,0.7315950920245399
11,2.100000000000001,628.5,978,0.6426380368098159,0.7167689161554193
11,2.200000000000001,405.0,713,0.5680224403927069,0.6760168302945302
11,2.300000000000001,324.5,493,0.6582150101419878,0.6815415821501014
11,2.4000000000000012,265.5,323,0.8219814241486069,0.7089783281733746
11,2.5000000000000013,199.5,198,1.0075757575757576,0.702020202020202
11,2.6000000000000014,125.0,93,1.3440860215053763,0.6774193548387096
11,2.7000000000000015,84.5,51,1.6568627450980393,0.6078431372549019
11,2.8000000000000016,73.5,18,4.083333333333333,0.5555555555555556
11,2.9000000000000017,74.0,8,9.25,0.625
11,3.0000000000000018,71.0,2,35.5,0.5
12,1.0,2639.0,4683,0.5635276532137519,0.8014093529788597
12,1.1,2801.0,4580,0.6115720524017467,0.8026200873362446
12,1.2000000000000002,2750.5,4396,0.6256824385805277,0.7973157415832575
12,1.3000000000000003,2645.0,4130,0.6404358353510896,0.7937046004842615
12,1.4000000000000004,2486.5,3817,0.6514278228975635,0.792507204610951
12,1.5000000000000004,2238.0,3433,0.6519079522283717,0.7914360617535683
12,1.6000000000000005,2036.0,3001,0.6784405198267244,0.789736754415195
12,1.7000000000000006,1759.0,2553,0.6889933411672542,0.7822169996083039
12,1.8000000000000007,1472.0,2117,0.6953235710911667,0.7732640529050543
12,1.9000000000000008,1215.0,1741,0.697874784606548,0.7599080987937966
12,2.000000000000001,999.5,1365,0.7322344322344322,0.7531135531135531
12,2.100000000000001,736.5,1051,0.7007611798287345,0.730732635585157
12,2.200000000000001,525.5,790,0.6651898734177215,0.710126582278481
12,2.300000000000001,375.0,581,0.6454388984509466,0.6884681583476764
12,2.4000000000000012,268.5,399,0.6729323308270677,0.6716791979949874
12,2.5000000000000013,215.0,276,0.7789855072463768,0.6811594202898551
12,2.6000000000000014,180.0,162,1.1111111111111112,0.7037037037037037
12,2.7000000000000015,115.5,90,1.2833333333333334,0.6666666666666666
12,2.8000000000000016,83.5,47,1.7765957446808511,0.6170212765957447
12,2.9000000000000017,81.5,19,4.2894736842105265,0.631578947368421
12,3.0000000000000018,71.5,6,11.916666666666666,0.5
13,1.0,2569.0,4552,0.5643673110720563,0.8066783831282952
13,1.1,2656.0,4437,0.5986026594545865,0.8043723236421005
13,1.2000000000000002,2663.0,4293,0.6203121360354065,0.7987421383647799
13,1.3000000000000003,2502.5,4053,0.6174438687392055,0.7915124599062423
13,1.4000000000000004,2376.5,3751,0.633564382831245,0.790455878432418
13,1.5000000000000004,2196.0,3378,0.650088809946714,0.7912966252220248
13,1.6000000000000005,1965.0,2979,0.6596173212487412,0.7915407854984894
13,1.7000000000000006,1738.5,2592,0.6707175925925926,0.7854938271604939
13,1.8000000000000007,1472.0,2161,0.6811661267931514,0.7792688570106432
13,1.9000000000000008,1193.0,1744,0.6840596330275229,0.7631880733944955
13,2.000000000000001,1016.0,1438,0.7065368567454798,0.7538247566063978
13,2.100000000000001,755.0,1092,0.6913919413919414,0.7307692307692307
13,2.200000000000001,618.0,847,0.7296340023612751,0.7343565525383707
13,2.300000000000001,438.0,630,0.6952380952380952,0.7031746031746032
13,2.4000000000000012,302.0,461,0.6550976138828634,0.6767895878524945
13,2.5000000000000013,241.0,308,0.7824675324675324,0.6688311688311688
13,2.6000000000000014,233.5,220,1.0613636363636363,0.7045454545454546
13,2.7000000000000015,174.5,139,1.2553956834532374,0.7266187050359713
13,2.8000000000000016,110.5,73,1.5136986301369864,0.684931506849315
13,2.9000000000000017,82.0,44,1.8636363636363635,0.6136363636363636
13,3.0000000000000018,67.5,20,3.375,0.55
14,1.0,2475.5,4463,0.5546717454626933,0.8048397938606319
14,1.1,2548.0,4354,0.5852090032154341,0.8086816720257235
14,1.2000000000000002,2512.0,4166,0.6029764762361978,0.799807969275084
14,1.3000000000000003,2462.5,3968,0.6205897177419355,0.796875
14,1.4000000000000004,2351.0,3728,0.6306330472103004,0.7969420600858369
14,1.5000000000000004,2207.5,3387,0.651756716858577,0.7948036610569826
14,1.6000000000000005,1943.5,3000,0.6478333333333334,0.7876666666666666
14,1.7000000000000006,1717.0,2581,0.6652460286710578,0.7872917473847346
14,1.8000000000000007,1464.5,2189,0.6690269529465509,0.7788944723618091
14,1.9000000000000008,1201.0,1799,0.6675931072818232,0.763757643135075
14,2.000000000000001,974.5,1438,0.6776773296244785,0.7531293463143255
14,2.100000000000001,811.5,1158,0.7007772020725389,0.7305699481865285
14,2.200000000000001,645.0,908,0.710352422907489,0.7301762114537445
14,2.300000000000001,504.5,688,0.7332848837209303,0.7281976744186046
14,2.4000000000000012,362.0,511,0.7084148727984344,0.700587084148728
14,2.5000000000000013,271.0,374,0.7245989304812834,0.6844919786096256
14,2.6000000000000014,215.5,248,0.8689516129032258,0.6895161290322581
14,2.7000000000000015,191.0,169,1.1301775147928994,0.7218934911242604
14,2.8000000000000016,125.0,103,1.2135922330097086,0.6893203883495146
14,2.9000000000000017,89.0,59,1.5084745762711864,0.6440677966101694
14,3.0000000000000018,76.0,40,1.9,0.625
15,1.0,2324.5,4355,0.5337543053960965,0.8052812858783008
15,1.1,2457.5,4232,0.5806947069943289,0.8083648393194707
15,1.2000000000000002,2457.5,4088,0.6011497064579256,0.8055283757338552
15,1.3000000000000003,2430.5,3897,0.6236848858095971,0.8029253271747498
15,1.4000000000000004,2293.0,3642,0.6295991213618891,0.7937946183415706
15,1.5000000000000004,2198.5,3349,0.6564646163033742,0.7984472977008062
15,1.6000000000000005,1964.0,2958,0.6639621365787695,0.7900608519269777
15,1.7000000000000006,1612.5,2544,0.6338443396226415,0.7802672955974843
15,1.8000000000000007,1375.5,2177,0.6318327974276527,0.7813504823151125
15,1.9000000000000008,1150.0,1795,0.6406685236768802,0.7727019498607243
15,2.000000000000001,899.5,1470,0.611904761904762,0.7496598639455783
15,2.100000000000001,782.5,1188,0.6586700336700336,0.7382154882154882
15,2.200000000000001,657.0,960,0.684375,0.721875
15,2.300000000000001,531.0,745,0.7127516778523489,0.7154362416107383
15,2.4000000000000012,398.5,550,0.7245454545454545,0.7127272727272728
15,2.5000000000000013,302.5,418,0.7236842105263158,0.6866028708133971
15,2.6000000000000014,219.5,281,0.7811387900355872,0.697508896797153
15,2.7000000000000015,158.0,195,0.8102564102564103,0.6871794871794872
15,2.8000000000000016,158.5,131,1.2099236641221374,0.7404580152671756
15,2.9000000000000017,109.0,82,1.329268292682927,0.6829268292682927
15,3.0000000000000018,79.0,49,1.6122448979591837,0.6530612244897959
16,1.0,2261.5,4253,0.5317422995532565,0.8041382553491653
16,1.1,2359.0,4155,0.5677496991576414,0.8043321299638989
16,1.2000000000000002,2400.5,3994,0.6010265398097145,0.8107160741111668
16,1.3000000000000003,2368.5,3830,0.6184073107049608,0.8023498694516972
16,1.4000000000000004,2206.0,3566,0.6186203028603477,0.7919237240605721
16,1.5000000000000004,2036.0,3273,0.6220592728383746,0.7901008249312558
16,1.6000000000000005,1890.5,2906,0.6505505849965588,0.791465932553338
16,1.7000000000000006,1662.5,2553,0.6511946729338034,0.7845671758715237
16,1.8000000000000007,1439.5,2183,0.6594136509390747,0.7842418689876317
16,1.9000000000000008,1185.5,1826,0.6492332968236583,0.7776560788608982
16,2.000000000000001,1006.5,1514,0.6647952443857331,0.7681638044914135
16,2.100000000000001,757.0,1206,0.6276948590381426,0.7454394693200663
16,2.200000000000001,664.5,991,0.670534813319879,0.7295660948536832
16,2.300000000000001,539.5,798,0.6760651629072681,0.7243107769423559
16,2.4000000000000012,428.0,600,0.7133333333333334,0.72
16,2.5000000000000013,324.5,434,0.7476958525345622,0.7142857142857143
16,2.6000000000000014,220.5,323,0.6826625386996904,0.6811145510835913
16,2.7000000000000015,158.0,230,0.6869565217391305,0.6956521739130435
16,2.8000000000000016,141.0,158,0.8924050632911392,0.7025316455696202
16,2.9000000000000017,133.0,106,1.2547169811320755,0.7075471698113207
16,3.0000000000000018,77.5,57,1.3596491228070176,0.6491228070175439
17,1.0,2207.0,4136,0.5336073500967118,0.8029497098646035
17,1.1,2305.0,4051,0.5689953098000494,0.803011602073562
17,1.2000000000000002,2368.0,3954,0.5988872028325746,0.812089023773394
17,1.3000000000000003,2306.0,3758,0.6136242682277807,0.805747738158595
17,1.4000000000000004,2148.0,3501,0.6135389888603257,0.7963439017423594
17,1.5000000000000004,1979.0,3222,0.6142147734326505,0.7877094972067039
17,1.6000000000000005,1872.0,2900,0.6455172413793103,0.7910344827586206
17,1.7000000000000006,1721.0,2565,0.6709551656920077,0.7906432748538011
17,1.8000000000000007,1419.0,2170,0.6539170506912443,0.7797235023041474
17,1.9000000000000008,1186.0,1865,0.6359249329758713,0.7801608579088471
17,2.000000000000001,966.5,1525,0.6337704918032787,0.7665573770491804
17,2.100000000000001,793.0,1244,0.637459807073955,0.75
17,2.200000000000001,652.5,1009,0.6466798810703667,0.7333994053518335
17,2.300000000000001,542.5,809,0.6705809641532756,0.7194066749072929
17,2.4000000000000012,417.5,612,0.6821895424836601,0.7271241830065359
17,2.5000000000000013,317.5,447,0.7102908277404921,0.7203579418344519
17,2.6000000000000014,245.5,332,0.7394578313253012,0.6927710843373494
17,2.7000000000000015,184.0,254,0.7244094488188977,0.6771653543307087
17,2.8000000000000016,134.5,181,0.7430939226519337,0.6795580110497238
17,2.9000000000000017,111.5,119,0.9369747899159664,0.6974789915966386
17,3.0000000000000018,107.0,78,1.3717948717948718,0.7051282051282052
18,1.0,2152.0,4057,0.5304412127187577,0.808479171801824
18,1.1,2222.0,3980,0.5582914572864321,0.8065326633165829
18,1.2000000000000002,2200.5,3850,0.5715584415584416,0.8072727272727273
18,1.3000000000000003,2228.0,3684,0.6047774158523345,0.8086319218241043
18,1.4000000000000004,2176.0,3486,0.6242111302352267,0.7980493402180149
18,1.5000000000000004,1982.5,3204,0.6187578027465668,0.7911985018726592
18,1.6000000000000005,1900.0,2895,0.6563039723661486,0.7934369602763385
18,1.7000000000000006,1680.0,2540,0.6614173228346457,0.794488188976378
18,1.8000000000000007,1416.5,2195,0.6453302961275627,0.7826879271070615
18,1.9000000000000008,1174.0,1858,0.6318622174381054,0.7852529601722282
18,2.000000000000001,970.5,1551,0.625725338491296,0.7743391360412637
18,2.100000000000001,808.0,1266,0.6382306477093207,0.7606635071090048
18,2.200000000000001,600.5,1009,0.5951437066402379,0.7274529236868187
18,2.300000000000001,568.0,821,0.6918392204628502,0.7344701583434835
18,2.4000000000000012,406.0,645,0.6294573643410852,0.7131782945736435
18,2.5000000000000013,322.5,481,0.6704781704781705,0.7047817047817048
18,2.6000000000000014,256.0,362,0.7071823204419889,0.7071823204419889
18,2.7000000000000015,196.0,270,0.725925925925926,0.6777777777777778
18,2.8000000000000016,157.5,201,0.7835820895522388,0.681592039800995
18,2.9000000000000017,125.0,143,0.8741258741258742,0.6993006993006993
18,3.0000000000000018,113.0,95,1.1894736842105262,0.7157894736842105
19,1.0,2063.5,3979,0.5185976375973863,0.808243277205328
19,1.1,2111.5,3885,0.5435006435006435,0.806949806949807
19,1.2000000000000002,2124.0,3776,0.5625,0.8045550847457628
19,1.3000000000000003,2087.0,3595,0.580528511821975,0.8086230876216968
19,1.4000000000000004,2069.0,3425,0.604087591240876,0.8002919708029197
19,1.5000000000000004,1942.0,3156,0.6153358681875792,0.7949936628643853
19,1.6000000000000005,1844.5,2850,0.6471929824561403,0.791578947368421
19,1.7000000000000006,1705.0,2517,0.6773937226857369,0.7941994437822805
19,1.8000000000000007,1444.0,2170,0.6654377880184332,0.7861751152073733
19,1.9000000000000008,1153.5,1859,0.6204948897256589,0.7821409359870898
19,2.000000000000001,986.5,1553,0.6352221506761108,0.7746297488731487
19,2.100000000000001,793.0,1279,0.6200156372165755,0.7568412822517592
19,2.200000000000001,660.0,1023,0.6451612903225806,0.7380254154447703
19,2.300000000000001,521.5,823,0.6336573511543135,0.7278250303766707
19,2.4000000000000012,444.0,667,0.6656671664167916,0.7271364317841079
19,2.5000000000000013,323.5,518,0.6245173745173745,0.7123552123552124
19,2.6000000000000014,310.0,390,0.7948717948717948,0.7205128205128205
19,2.7000000000000015,205.5,287,0.7160278745644599,0.686411149825784
19,2.8000000000000016,141.0,208,0.6778846153846154,0.6538461538461539
19,2.9000000000000017,126.5,149,0.8489932885906041,0.7046979865771812
19,3.0000000000000018,103.0,106,0.9716981132075472,0.6886792452830188
20,1.0,1907.5,3877,0.492004126902244,0.8101624967758576
20,1.1,2029.0,3838,0.5286607608129233,0.8066701406982804
20,1.2000000000000002,2146.5,3712,0.5782596982758621,0.8046875
20,1.3000000000000003,2064.0,3541,0.5828861903417114,0.8068342276193166
20,1.4000000000000004,2056.5,3362,0.6116894705532421,0.8033908387864367
20,1.5000000000000004,1974.0,3117,0.6333012512030799,0.7965992941931345
20,1.6000000000000005,1798.5,2834,0.6346153846153846,0.7882851093860268
20,1.7000000000000006,1664.0,2499,0.6658663465386154,0.7911164465786314
20,1.8000000000000007,1447.5,2161,0.6698287829708468,0.7889865802869042
20,1.9000000000000008,1208.0,1869,0.64633493846977,0.7849117174959872
20,2.000000000000001,1017.5,1559,0.6526619627966646,0.7767799871712636
20,2.100000000000001,848.0,1304,0.6503067484662577,0.7668711656441718
20,2.200000000000001,659.5,1039,0.634744947064485,0.7420596727622714
20,2.300000000000001,506.5,834,0.6073141486810552,0.7314148681055156
20,2.4000000000000012,431.5,657,0.6567732115677322,0.7245053272450532
20,2.5000000000000013,345.0,517,0.6673114119922631,0.723404255319149
20,2.6000000000000014,282.0,407,0.6928746928746928,0.7051597051597052
20,2.7000000000000015,252.5,299,0.8444816053511706,0.7190635451505016
20,2.8000000000000016,183.0,222,0.8243243243243243,0.6981981981981982
20,2.9000000000000017,155.0,164,0.9451219512195121,0.6951219512195121
20,3.0000000000000018,116.5,112,1.0401785714285714,0.7053571428571429
21,1.0,1944.0,3845,0.505591677503251,0.8137841352405721
21,1.1,2021.0,3766,0.5366436537440255,0.8106744556558683
21,1.2000000000000002,2057.5,3638,0.5655579989004947,0.8051126992853216
21,1.3000000000000003,2028.0,3472,0.5841013824884793,0.8058755760368663
21,1.4000000000000004,1958.0,3302,0.5929739551786796,0.8082980012113871
21,1.5000000000000004,1836.0,3043,0.6033519553072626,0.7959250739401906
21,1.6000000000000005,1714.5,2776,0.6176152737752162,0.7892651296829971
21,1.7000000000000006,1578.0,2453,0.6432939258051366,0.7843456991439054
21,1.8000000000000007,1392.5,2136,0.6519194756554307,0.7860486891385767
21,1.9000000000000008,1152.5,1835,0.6280653950953679,0.7825613079019074
21,2.000000000000001,989.0,1570,0.629936305732484,0.7757961783439491
21,2.100000000000001,813.0,1281,0.6346604215456675,0.7642466822794691
21,2.200000000000001,653.0,1042,0.6266794625719769,0.7485604606525912
21,2.300000000000001,568.5,850,0.6688235294117647,0.7364705882352941
21,2.4000000000000012,405.0,664,0.6099397590361446,0.7319277108433735
21,2.5000000000000013,368.0,531,0.6930320150659134,0.7288135593220338
21,2.6000000000000014,289.5,426,0.6795774647887324,0.7112676056338029
21,2.7000000000000015,249.0,326,0.7638036809815951,0.7024539877300614
21,2.8000000000000016,198.0,239,0.8284518828451883,0.7112970711297071
21,2.9000000000000017,152.0,176,0.8636363636363636,0.6875
21,3.0000000000000018,119.0,126,0.9444444444444444,0.6825396825396826
22,1.0,1947.5,3778,0.5154843832715723,0.8141874007411328
22,1.1,1925.5,3686,0.5223819858925665,0.8087357569180683
22,1.2000000000000002,1965.5,3558,0.5524170882518269,0.8074761101742552
22,1.3000000000000003,1970.0,3409,0.5778820768553828,0.8040481079495453
22,1.4000000000000004,1908.5,3219,0.5928859894377135,0.8061509785647717
22,1.5000000000000004,1814.0,2995,0.6056761268781302,0.801669449081803
22,1.6000000000000005,1681.5,2742,0.6132385120350109,0.7935813274981766
22,1.7000000000000006,1554.0,2454,0.6332518337408313,0.7881010594947025
22,1.8000000000000007,1409.0,2131,0.661191928671985,0.7841389019239794
22,1.9000000000000008,1224.5,1821,0.672432729269632,0.7907742998352554
22,2.000000000000001,991.0,1564,0.6336317135549873,0.7813299232736572
22,2.100000000000001,807.0,1290,0.6255813953488372,0.7697674418604651
22,2.200000000000001,645.5,1057,0.6106906338694418,0.7464522232734153
22,2.300000000000001,531.0,862,0.6160092807424594,0.7273781902552204
22,2.4000000000000012,444.0,685,0.6481751824817519,0.7372262773722628
22,2.5000000000000013,344.5,546,0.6309523809523809,0.7197802197802198
22,2.6000000000000014,278.0,430,0.6465116279069767,0.7162790697674418
22,2.7000000000000015,217.0,326,0.6656441717791411,0.7055214723926381
22,2.8000000000000016,205.0,237,0.8649789029535865,0.729957805907173
22,2.9000000000000017,143.5,175,0.82,0.6857142857142857
22,3.0000000000000018,125.0,133,0.9398496240601504,0.6992481203007519
23,1.0,1837.5,3711,0.49514955537590943,0.8129884128267313
23,1.1,1872.5,3623,0.5168368755175269,0.8114821970742478
23,1.2000000000000002,1950.0,3516,0.5546075085324232,0.8100113765642776
23,1.3000000000000003,1962.0,3339,0.5876010781671159,0.8074273734651093
23,1.4000000000000004,1846.0,3196,0.5775969962453066,0.8028785982478097
23,1.5000000000000004,1772.0,2960,0.5986486486486486,0.8054054054054054
23,1.6000000000000005,1709.5,2726,0.6271093176815847,0.7997065297138665
23,1.7000000000000006,1560.5,2429,0.6424454508027995,0.7958007410456979
23,1.8000000000000007,1396.0,2130,0.6553990610328638,0.788262910798122
23,1.9000000000000008,1249.5,1844,0.6776030368763557,0.7922993492407809
23,2.000000000000001,966.5,1539,0.6280051981806368,0.7842755035737492
23,2.100000000000001,828.5,1295,0.6397683397683398,0.7691119691119691
23,2.200000000000001,638.0,1047,0.609360076408787,0.7488061127029608
23,2.300000000000001,510.0,859,0.5937136204889406,0.729918509895227
23,2.4000000000000012,417.0,685,0.6087591240875913,0.7284671532846715
23,2.5000000000000013,306.0,558,0.5483870967741935,0.7114695340501792
23,2.6000000000000014,256.0,432,0.5925925925925926,0.6990740740740741
23,2.7000000000000015,238.5,335,0.7119402985074627,0.7164179104477612
23,2.8000000000000016,195.5,249,0.785140562248996,0.7028112449799196
23,2.9000000000000017,165.0,185,0.8918918918918919,0.7027027027027027
23,3.0000000000000018,120.0,142,0.8450704225352113,0.6690140845070423
24,1.0,1740.5,3612,0.48186600221483944,0.8156146179401993
24,1.1,1877.0,3564,0.52665544332211,0.8148148148148148
24,1.2000000000000002,1984.0,3455,0.5742402315484805,0.811287988422576
24,1.3000000000000003,1914.0,3311,0.5780730897009967,0.8076109936575053
24,1.4000000000000004,1839.0,3143,0.5851097677378301,0.8052815781100859
24,1.5000000000000004,1736.5,2893,0.600241963359834,0.811614241272036
24,1.6000000000000005,1721.5,2698,0.638065233506301,0.8057820607857672
24,1.7000000000000006,1560.0,2415,0.6459627329192547,0.8004140786749483
24,1.8000000000000007,1427.5,2123,0.6723975506358926,0.790390956194065
24,1.9000000000000008,1256.0,1822,0.6893523600439078,0.7908891328210758
24,2.000000000000001,989.5,1520,0.6509868421052631,0.7907894736842105
24,2.100000000000001,795.5,1298,0.6128659476117103,0.7711864406779662
24,2.200000000000001,638.0,1049,0.6081982840800763,0.7530981887511916
24,2.300000000000001,508.0,860,0.5906976744186047,0.7267441860465116
24,2.4000000000000012,388.0,683,0.568081991215227,0.7218155197657394
24,2.5000000000000013,290.5,551,0.5272232304900182,0.7168784029038112
24,2.6000000000000014,219.0,431,0.5081206496519721,0.691415313225058
24,2.7000000000000015,209.0,334,0.625748502994012,0.7005988023952096
24,2.8000000000000016,174.0,255,0.6823529411764706,0.6901960784313725
24,2.9000000000000017,181.5,201,0.9029850746268657,0.7064676616915423
24,3.0000000000000018,142.5,149,0.9563758389261745,0.6912751677852349
25,1.0,1697.0,3528,0.48100907029478457,0.81859410430839
25,1.1,1845.5,3501,0.5271351042559269,0.8154812910596972
25,1.2000000000000002,1889.5,3393,0.5568818155025052,0.8128499852637784
25,1.3000000000000003,1818.5,3237,0.5617856039542787,0.8056842755637936
25,1.4000000000000004,1843.0,3100,0.594516129032258,0.81
25,1.5000000000000004,1711.5,2881,0.5940645609163485,0.8070114543561263
25,1.6000000000000005,1675.0,2669,0.6275758711127764,0.8089171974522293
25,1.7000000000000006,1598.0,2420,0.6603305785123967,0.8078512396694215
25,1.8000000000000007,1394.5,2119,0.6580934403020292,0.7876356772062294
25,1.9000000000000008,1217.5,1812,0.6719094922737306,0.7886313465783664
25,2.000000000000001,1004.0,1534,0.6544980443285529,0.7907431551499348
25,2.100000000000001,792.5,1276,0.6210815047021944,0.780564263322884
25,2.200000000000001,621.0,1044,0.5948275862068966,0.7547892720306514
25,2.300000000000001,501.0,857,0.5845974329054843,0.7409568261376897
25,2.4000000000000012,382.0,678,0.5634218289085545,0.7153392330383481
25,2.5000000000000013,278.0,543,0.5119705340699816,0.716390423572744
25,2.6000000000000014,239.0,439,0.5444191343963554,0.7038724373576309
25,2.7000000000000015,204.5,332,0.6159638554216867,0.6837349397590361
25,2.8000000000000016,199.5,264,0.7556818181818182,0.6856060606060606
25,2.9000000000000017,183.5,208,0.8822115384615384,0.6971153846153846
25,3.0000000000000018,152.5,153,0.9967320261437909,0.6928104575163399
26,1.0,1689.0,3456,0.4887152777777778,0.8194444444444444
26,1.1,1834.5,3474,0.5280656303972366,0.816350028785262
26,1.2000000000000002,1919.5,3391,0.5660572102624595,0.814508994396933
26,1.3000000000000003,1839.0,3223,0.5705864101768539,0.8107353397455787
26,1.4000000000000004,1766.5,3043,0.5805126519881696,0.8100558659217877
26,1.5000000000000004,1712.5,2867,0.5973142657830485,0.8130449947680503
26,1.6000000000000005,1617.0,2620,0.617175572519084,0.8103053435114503
26,1.7000000000000006,1527.5,2391,0.6388540359682141,0.8063571727310749
26,1.8000000000000007,1391.0,2104,0.6611216730038023,0.7961026615969582
26,1.9000000000000008,1194.5,1803,0.6625069328896284,0.7870216306156406
26,2.000000000000001,1035.5,1528,0.6776832460732984,0.7892670157068062
26,2.100000000000001,791.5,1268,0.624211356466877,0.7799684542586751
26,2.200000000000001,642.5,1046,0.614244741873805,0.7619502868068834
26,2.300000000000001,468.0,827,0.56590084643289,0.7376058041112454
26,2.4000000000000012,400.0,685,0.583941605839416,0.724087591240876
26,2.5000000000000013,316.5,556,0.5692446043165468,0.7176258992805755
26,2.6000000000000014,225.5,441,0.5113378684807256,0.7052154195011338
26,2.7000000000000015,190.5,345,0.5521739130434783,0.6840579710144927
26,2.8000000000000016,166.5,268,0.621268656716418,0.6753731343283582
26,2.9000000000000017,168.0,210,0.8,0.6952380952380952
26,3.0000000000000018,159.0,166,0.9578313253012049,0.6927710843373494
27,1.0,1683.0,3401,0.49485445457218463,0.8200529256101147
27,1.1,1778.0,3423,0.5194274028629857,0.8165352030382705
27,1.2000000000000002,1866.5,3322,0.5618603251053582,0.8166767007826611
27,1.3000000000000003,1766.0,3164,0.5581542351453855,0.8132111251580278
27,1.4000000000000004,1741.0,3006,0.5791749833666001,0.8127079174983367
27,1.5000000000000004,1721.0,2834,0.6072688779110798,0.8136908962597036
27,1.6000000000000005,1601.0,2574,0.621989121989122,0.8162393162393162
27,1.7000000000000006,1490.0,2342,0.6362083689154568,0.8065755764304013
27,1.8000000000000007,1341.0,2068,0.6484526112185687,0.7964216634429401
27,1.9000000000000008,1173.5,1803,0.6508596783139212,0.7864669994453688
27,2.000000000000001,1006.0,1515,0.664026402640264,0.7815181518151815
27,2.100000000000001,834.5,1275,0.6545098039215687,0.7850980392156863
27,2.200000000000001,633.0,1030,0.6145631067961165,0.7669902912621359
27,2.300000000000001,505.0,842,0.5997624703087886,0.7458432304038005
27,2.4000000000000012,408.5,683,0.5980966325036603,0.7306002928257687
27,2.5000000000000013,315.5,550,0.5736363636363636,0.72
27,2.6000000000000014,250.5,440,0.5693181818181818,0.7181818181818181
27,2.7000000000000015,207.0,354,0.5847457627118644,0.692090395480226
27,2.8000000000000016,184.0,285,0.6456140350877193,0.6807017543859649
27,2.9000000000000017,186.0,215,0.8651162790697674,0.7209302325581395
27,3.0000000000000018,155.0,163,0.950920245398773,0.6932515337423313
28,1.0,1619.5,3339,0.48502545672356995,0.821203953279425
28,1.1,1643.0,3337,0.49235840575367096,0.8175007491759065
28,1.2000000000000002,1824.5,3276,0.556929181929182,0.8183760683760684
28,1.3000000000000003,1727.5,3113,0.554930934789592,0.8130420815933184
28,1.4000000000000004,1675.5,2952,0.5675813008130082,0.8126693766937669
28,1.5000000000000004,1668.0,2766,0.6030368763557483,0.8145336225596529
28,1.6000000000000005,1545.5,2533,0.6101460718515594,0.8124753257007501
28,1.7000000000000006,1480.5,2310,0.6409090909090909,0.8108225108225108
28,1.8000000000000007,1371.5,2060,0.6657766990291262,0.8038834951456311
28,1.9000000000000008,1181.0,1778,0.6642294713160855,0.7930258717660292
28,2.000000000000001,952.0,1487,0.6402151983860122,0.7794216543375925
28,2.100000000000001,799.0,1253,0.6376695929768555,0.7789305666400639
28,2.200000000000001,634.5,1020,0.6220588235294118,0.7696078431372549
28,2.300000000000001,495.5,833,0.5948379351740696,0.7539015606242497
28,2.4000000000000012,392.0,670,0.5850746268656717,0.7388059701492538
28,2.5000000000000013,304.5,549,0.5546448087431693,0.7085610200364298
28,2.6000000000000014,215.5,429,0.5023310023310024,0.710955710955711
28,2.7000000000000015,198.0,360,0.55,0.6972222222222222
28,2.8000000000000016,166.5,295,0.5644067796610169,0.6677966101694915
28,2.9000000000000017,172.5,219,0.7876712328767124,0.7123287671232876
28,3.0000000000000018,163.0,172,0.9476744186046512,0.686046511627907
29,1.0,1588.5,3292,0.48253341433778857,0.8232077764277035
29,1.1,1625.0,3302,0.4921259842519685,0.8198061780738947
29,1.2000000000000002,1786.0,3246,0.5502156500308072,0.8219346888478127
29,1.3000000000000003,1693.0,3068,0.5518252933507171,0.8125814863102999
29,1.4000000000000004,1652.0,2909,0.5678927466483328,0.8136816775524235
29,1.5000000000000004,1678.0,2753,0.6095168906647294,0.8165637486378496
29,1.6000000000000005,1518.5,2501,0.607157137145142,0.8144742103158736
29,1.7000000000000006,1448.5,2276,0.6364235500878734,0.8110720562390158
29,1.8000000000000007,1315.5,2046,0.6429618768328446,0.7996089931573802
29,1.9000000000000008,1147.0,1740,0.6591954022988505,0.7919540229885057
29,2.000000000000001,934.5,1473,0.6344195519348269,0.7807196198234895
29,2.100000000000001,808.5,1247,0.6483560545308741,0.7818765036086608
29,2.200000000000001,648.0,1029,0.6297376093294461,0.7706511175898931
29,2.300000000000001,499.0,845,0.5905325443786982,0.7597633136094675
29,2.4000000000000012,376.0,657,0.5722983257229832,0.7336377473363774
29,2.5000000000000013,293.0,548,0.5346715328467153,0.7226277372262774
29,2.6000000000000014,227.5,446,0.5100896860986547,0.7174887892376681
29,2.7000000000000015,186.0,360,0.5166666666666667,0.7138888888888889
29,2.8000000000000016,188.0,300,0.6266666666666667,0.6933333333333334
29,2.9000000000000017,180.5,231,0.7813852813852814,0.6926406926406926
29,3.0000000000000018,165.0,173,0.953757225433526,0.7283236994219653
30,1.0,1559.5,3259,0.478521018717398,0.822951825713409
30,1.1,1694.5,3228,0.5249380421313506,0.8228004956629492
30,1.2000000000000002,1686.5,3176,0.5310138539042821,0.8195843828715366
30,1.3000000000000003,1724.0,3043,0.5665461715412422,0.8156424581005587
30,1.4000000000000004,1635.0,2885,0.5667244367417678,0.81421143847487
30,1.5000000000000004,1618.0,2716,0.5957290132547864,0.8140648011782032
30,1.6000000000000005,1473.5,2465,0.5977687626774848,0.8129817444219067
30,1.7000000000000006,1397.0,2228,0.6270197486535009,0.8141831238779175
30,1.8000000000000007,1304.5,2017,0.6467526028755578,0.7997025285076846
30,1.9000000000000008,1112.5,1716,0.6483100233100233,0.7925407925407926
30,2.000000000000001,947.5,1482,0.6393387314439946,0.7793522267206477
30,2.100000000000001,854.5,1266,0.6749605055292259,0.7859399684044234
30,2.200000000000001,622.5,1029,0.6049562682215743,0.7687074829931972
30,2.300000000000001,443.5,839,0.5286054827175208,0.7544696066746126
30,2.4000000000000012,382.0,681,0.5609397944199707,0.7415565345080763
30,2.5000000000000013,284.5,544,0.5229779411764706,0.7150735294117647
30,2.6000000000000014,214.0,447,0.47874720357941836,0.7069351230425056
30,2.7000000000000015,168.5,368,0.4578804347826087,0.7092391304347826
30,2.8000000000000016,187.0,300,0.6233333333333333,0.7033333333333334
30,2.9000000000000017,164.5,240,0.6854166666666667,0.6833333333333333
30,3.0000000000000018,158.0,189,0.8359788359788359,0.7142857142857143
31,1.0,1537.0,3240,0.4743827160493827,0.8240740740740741
31,1.1,1640.0,3178,0.5160478288231592,0.8234738829452486
31,1.2000000000000002,1651.0,3121,0.5289971163088754,0.8176866388977891
31,1.3000000000000003,1703.5,2999,0.5680226742247416,0.8179393131043681
31,1.4000000000000004,1592.5,2819,0.5649166371053566,0.8151826888967719
31,1.5000000000000004,1533.5,2651,0.5784609581290079,0.8117691437193512
31,1.6000000000000005,1472.0,2448,0.6013071895424836,0.8120915032679739
31,1.7000000000000006,1347.0,2217,0.6075778078484438,0.8123590437528191
31,1.8000000000000007,1267.0,1991,0.6363636363636364,0.8021094927172275
31,1.9000000000000008,1129.0,1733,0.651471436814772,0.79399884593191
31,2.000000000000001,979.0,1499,0.6531020680453635,0.7878585723815877
31,2.100000000000001,816.5,1264,0.6459651898734177,0.7832278481012658
31,2.200000000000001,647.0,1047,0.6179560649474689,0.7745940783190067
31,2.300000000000001,444.5,847,0.5247933884297521,0.7449822904368358
31,2.4000000000000012,352.0,667,0.527736131934033,0.7421289355322339
31,2.5000000000000013,280.5,543,0.5165745856353591,0.7237569060773481
31,2.6000000000000014,224.0,444,0.5045045045045045,0.7094594594594594
31,2.7000000000000015,198.0,373,0.5308310991957105,0.7158176943699732
31,2.8000000000000016,185.0,302,0.6125827814569537,0.6986754966887417
31,2.9000000000000017,156.5,245,0.6387755102040816,0.6775510204081633
31,3.0000000000000018,168.0,189,0.8888888888888888,0.708994708994709
32,1.0,1535.0,3194,0.48058860363180966,0.8256105197244834
32,1.1,1646.5,3138,0.5246972594008923,0.8221797323135756
32,1.2000000000000002,1609.5,3076,0.5232444733420026,0.8195708712613784
32,1.3000000000000003,1659.5,2956,0.5614005412719891,0.821041948579161
32,1.4000000000000004,1550.0,2797,0.5541651769753307,0.8130139435109045
32,1.5000000000000004,1498.0,2618,0.5721925133689839,0.8143621084797555
32,1.6000000000000005,1433.5,2405,0.596049896049896,0.8087318087318087
32,1.7000000000000006,1351.0,2216,0.6096570397111913,0.8127256317689531
32,1.8000000000000007,1278.0,1966,0.6500508646998983,0.8016276703967447
32,1.9000000000000008,1135.0,1741,0.6519241815048823,0.7966685812751292
32,2.000000000000001,980.5,1498,0.654539385847797,0.7897196261682243
32,2.100000000000001,776.0,1256,0.6178343949044586,0.7802547770700637
32,2.200000000000001,619.0,1030,0.6009708737864078,0.7718446601941747
32,2.300000000000001,447.0,819,0.5457875457875457,0.7496947496947497
32,2.4000000000000012,336.0,665,0.5052631578947369,0.7458646616541353
32,2.5000000000000013,279.5,540,0.5175925925925926,0.7185185185185186
32,2.6000000000000014,234.5,442,0.5305429864253394,0.7081447963800905
32,2.7000000000000015,211.0,375,0.5626666666666666,0.712
32,2.8000000000000016,178.5,308,0.5795454545454546,0.7077922077922078
32,2.9000000000000017,173.0,243,0.7119341563786008,0.691358024691358
32,3.0000000000000018,143.0,196,0.7295918367346939,0.6632653061224489
33,1.0,1538.5,3165,0.48609794628751973,0.8271721958925751
33,1.1,1584.0,3086,0.5132858068697342,0.8243681140635126
33,1.2000000000000002,1584.5,3033,0.5224200461589186,0.8206396307286515
33,1.3000000000000003,1609.5,2927,0.5498804236419542,0.8189272292449608
33,1.4000000000000004,1590.0,2780,0.5719424460431655,0.8161870503597123
33,1.5000000000000004,1468.0,2586,0.5676720804331014,0.8132250580046404
33,1.6000000000000005,1414.5,2386,0.5928331936295055,0.8105616093880972
33,1.7000000000000006,1321.5,2191,0.603149246919215,0.8169785486079416
33,1.8000000000000007,1201.0,1946,0.6171634121274409,0.8001027749229188
33,1.9000000000000008,1105.0,1719,0.6428155904595695,0.7952297847585805
33,2.000000000000001,902.0,1459,0.6182316655243317,0.7840986977381769
33,2.100000000000001,733.0,1239,0.5916061339790153,0.7756255044390638
33,2.200000000000001,605.5,1019,0.5942100098135427,0.7654563297350343
33,2.300000000000001,468.5,830,0.5644578313253013,0.7578313253012048
33,2.4000000000000012,358.0,668,0.5359281437125748,0.7529940119760479
33,2.5000000000000013,255.0,543,0.4696132596685083,0.716390423572744
33,2.6000000000000014,223.5,431,0.5185614849187935,0.7076566125290024
33,2.7000000000000015,199.0,374,0.5320855614973262,0.7005347593582888
33,2.8000000000000016,176.0,314,0.5605095541401274,0.7038216560509554
33,2.9000000000000017,152.0,246,0.6178861788617886,0.6829268292682927
33,3.0000000000000018,151.5,195,0.7769230769230769,0.6820512820512821
34,1.0,1518.0,3113,0.4876325088339223,0.830067459042724
34,1.1,1571.0,3055,0.5142389525368248,0.8274959083469722
34,1.2000000000000002,1538.5,2976,0.5169690860215054,0.8205645161290323
34,1.3000000000000003,1558.5,2912,0.5351991758241759,0.8179945054945055
34,1.4000000000000004,1563.0,2744,0.5696064139941691,0.8166909620991254
34,1.5000000000000004,1457.0,2543,0.5729453401494298,0.8155721588674794
34,1.6000000000000005,1421.5,2372,0.5992833052276559,0.8132377740303541
34,1.7000000000000006,1291.5,2166,0.5962603878116344,0.814404432132964
34,1.8000000000000007,1188.5,1932,0.6151656314699793,0.8048654244306418
34,1.9000000000000008,1077.0,1695,0.6353982300884956,0.7976401179941003
34,2.000000000000001,893.0,1463,0.6103896103896104,0.7881066302118934
34,2.100000000000001,721.0,1232,0.5852272727272727,0.775974025974026
34,2.200000000000001,597.5,1014,0.5892504930966469,0.76232741617357
34,2.300000000000001,471.0,833,0.5654261704681873,0.7599039615846338
34,2.4000000000000012,353.5,665,0.531578947368421,0.7368421052631579
34,2.5000000000000013,263.0,552,0.47644927536231885,0.7246376811594203
34,2.6000000000000014,251.0,445,0.5640449438202247,0.7078651685393258
34,2.7000000000000015,199.5,373,0.5348525469168901,0.6970509383378016
34,2.8000000000000016,182.5,316,0.5775316455696202,0.7056962025316456
34,2.9000000000000017,139.0,240,0.5791666666666667,0.6791666666666667
34,3.0000000000000018,129.5,198,0.6540404040404041,0.6717171717171717
35,1.0,1509.5,3076,0.4907347204161248,0.8309492847854356
35,1.1,1511.5,3013,0.5016594756057086,0.8257550614005974
35,1.2000000000000002,1439.5,2923,0.4924734861443722,0.8190215531987683
35,1.3000000000000003,1558.0,2872,0.5424791086350975,0.8203342618384402
35,1.4000000000000004,1543.5,2724,0.5666299559471366,0.8204845814977973
35,1.5000000000000004,1470.5,2540,0.5789370078740157,0.8153543307086614
35,1.6000000000000005,1372.0,2336,0.5873287671232876,0.8120719178082192
35,1.7000000000000006,1243.0,2123,0.5854922279792746,0.8092322185586435
35,1.8000000000000007,1150.5,1919,0.5995310057321521,0.805106826472121
35,1.9000000000000008,1018.5,1689,0.6030195381882771,0.7927767910005921
35,2.000000000000001,882.5,1465,0.6023890784982935,0.7849829351535836
35,2.100000000000001,720.5,1213,0.5939818631492169,0.7724649629018961
35,2.200000000000001,556.5,1018,0.5466601178781926,0.7534381139489195
35,2.300000000000001,469.5,841,0.5582639714625446,0.760998810939358
35,2.4000000000000012,366.5,668,0.5486526946107785,0.7410179640718563
35,2.5000000000000013,276.5,550,0.5027272727272727,0.730909090909091
35,2.6000000000000014,226.5,448,0.5055803571428571,0.7008928571428571
35,2.7000000000000015,213.5,370,0.577027027027027,0.7081081081081081
35,2.8000000000000016,192.5,304,0.6332236842105263,0.6973684210526315
35,2.9000000000000017,130.0,240,0.5416666666666666,0.6875
35,3.0000000000000018,117.0,193,0.6062176165803109,0.6735751295336787
36,1.0,1491.0,3045,0.4896551724137931,0.8308702791461412
36,1.1,1489.0,2963,0.5025312183597705,0.8272021599730003
36,1.2000000000000002,1467.5,2880,0.5095486111111112,0.8211805555555556
36,1.3000000000000003,1536.5,2823,0.5442791356712717,0.8207580588026921
36,1.4000000000000004,1539.5,2714,0.567243920412675,0.8235077376565955
36,1.5000000000000004,1430.0,2518,0.56791104050834,0.812152501985703
36,1.6000000000000005,1336.0,2313,0.5776048421962818,0.8119325551232166
36,1.7000000000000006,1192.5,2099,0.5681276798475464,0.8051453072891853
36,1.8000000000000007,1103.5,1896,0.5820147679324894,0.7985232067510548
36,1.9000000000000008,983.5,1650,0.5960606060606061,0.7921212121212121
36,2.000000000000001,852.0,1446,0.5892116182572614,0.7835408022130014
36,2.100000000000001,681.0,1194,0.5703517587939698,0.7713567839195979
36,2.200000000000001,562.0,1019,0.5515210991167812,0.7634936211972522
36,2.300000000000001,478.5,840,0.5696428571428571,0.7583333333333333
36,2.4000000000000012,363.5,674,0.5393175074183977,0.7433234421364985
36,2.5000000000000013,254.5,548,0.46441605839416056,0.7171532846715328
36,2.6000000000000014,196.0,442,0.4434389140271493,0.7013574660633484
36,2.7000000000000015,223.5,373,0.599195710455764,0.7184986595174263
36,2.8000000000000016,205.5,304,0.6759868421052632,0.7105263157894737
36,2.9000000000000017,134.5,243,0.5534979423868313,0.7037037037037037
36,3.0000000000000018,116.0,193,0.6010362694300518,0.689119170984456
37,1.0,1505.5,3019,0.498675057966214,0.8320635972176217
37,1.1,1366.5,2931,0.4662231320368475,0.8263391334015694
37,1.2000000000000002,1446.0,2861,0.505417686123733,0.8217406501223349
37,1.3000000000000003,1509.5,2787,0.5416218155722999,0.8202368137782562
37,1.4000000000000004,1479.0,2673,0.55331088664422,0.8204264870931538
37,1.5000000000000004,1381.0,2480,0.5568548387096774,0.8125
37,1.6000000000000005,1297.5,2262,0.5736074270557029,0.8129973474801061
37,1.7000000000000006,1175.5,2069,0.568148864185597,0.8071532141130981
37,1.8000000000000007,1046.5,1870,0.5596256684491978,0.7973262032085562
37,1.9000000000000008,953.0,1647,0.5786278081360049,0.7947783849423193
37,2.000000000000001,841.0,1437,0.5852470424495476,0.7877522616562282
37,2.100000000000001,723.0,1201,0.6019983347210658,0.7710241465445462
37,2.200000000000001,560.0,996,0.5622489959839357,0.7660642570281124
37,2.300000000000001,506.0,843,0.6002372479240806,0.7686832740213523
37,2.4000000000000012,349.5,684,0.5109649122807017,0.7485380116959064
37,2.5000000000000013,241.0,546,0.4413919413919414,0.7161172161172161
37,2.6000000000000014,180.5,442,0.4083710407239819,0.7352941176470589
37,2.7000000000000015,235.0,373,0.6300268096514745,0.7292225201072386
37,2.8000000000000016,198.0,300,0.66,0.72
37,2.9000000000000017,163.0,249,0.6546184738955824,0.7028112449799196
37,3.0000000000000018,106.5,191,0.5575916230366492,0.6963350785340314
38,1.0,1516.0,2985,0.5078726968174204,0.8321608040201005
38,1.1,1345.5,2889,0.4657320872274143,0.8276220145379024
38,1.2000000000000002,1444.0,2852,0.5063113604488079,0.8229312762973352
38,1.3000000000000003,1468.5,2729,0.5381091975082448,0.8211799193843898
38,1.4000000000000004,1474.5,2633,0.5600075958982149,0.8211165970375996
38,1.5000000000000004,1384.0,2445,0.5660531697341513,0.8184049079754602
38,1.6000000000000005,1288.5,2252,0.5721580817051509,0.8130550621669627
38,1.7000000000000006,1162.5,2063,0.5634997576345129,0.8036839554047503
38,1.8000000000000007,1032.5,1861,0.5548092423428265,0.799570123589468
38,1.9000000000000008,937.5,1632,0.5744485294117647,0.7996323529411765
38,2.000000000000001,806.5,1404,0.5744301994301995,0.7792022792022792
38,2.100000000000001,706.0,1202,0.5873544093178037,0.7720465890183028
38,2.200000000000001,581.5,1005,0.5786069651741294,0.7701492537313432
38,2.300000000000001,497.5,838,0.5936754176610979,0.7649164677804295
38,2.4000000000000012,377.5,702,0.5377492877492878,0.7478632478632479
38,2.5000000000000013,262.0,546,0.47985347985347987,0.7326007326007326
38,2.6000000000000014,205.0,446,0.45964125560538116,0.7331838565022422
38,2.7000000000000015,210.0,368,0.5706521739130435,0.7309782608695652
38,2.8000000000000016,203.0,302,0.6721854304635762,0.7218543046357616
38,2.9000000000000017,167.5,252,0.6646825396825397,0.7063492063492064
38,3.0000000000000018,101.5,198,0.5126262626262627,0.6818181818181818
39,1.0,1520.5,2972,0.5116083445491252,0.8337819650067295
39,1.1,1392.0,2866,0.4856943475226797,0.8283321702721563
39,1.2000000000000002,1428.5,2790,0.5120071684587814,0.8236559139784946
39,1.3000000000000003,1388.5,2699,0.5144497962208225,0.819933308632827
39,1.4000000000000004,1416.0,2587,0.5473521453420951,0.8210282180131426
39,1.5000000000000004,1343.0,2412,0.556799336650083,0.818407960199005
39,1.6000000000000005,1241.5,2219,0.5594862550698513,0.8107255520504731
39,1.7000000000000006,1163.5,2031,0.5728705071393402,0.8064992614475628
39,1.8000000000000007,1025.5,1835,0.5588555858310627,0.8016348773841961
39,1.9000000000000008,921.5,1629,0.5656844689993862,0.7937384898710865
39,2.000000000000001,776.5,1398,0.5554363376251789,0.778969957081545
39,2.100000000000001,707.5,1207,0.5861640430820215,0.7705053852526926
39,2.200000000000001,565.0,989,0.5712841253791708,0.7664307381193124
39,2.300000000000001,472.0,833,0.5666266506602641,0.7635054021608644
39,2.4000000000000012,361.5,683,0.5292825768667643,0.7452415812591509
39,2.5000000000000013,262.5,535,0.49065420560747663,0.7383177570093458
39,2.6000000000000014,180.0,434,0.4147465437788018,0.7235023041474654
39,2.7000000000000015,185.0,364,0.5082417582417582,0.7335164835164835
39,2.8000000000000016,202.0,303,0.6666666666666666,0.7194719471947195
39,2.9000000000000017,174.0,259,0.6718146718146718,0.7065637065637066
39,3.0000000000000018,137.0,207,0.6618357487922706,0.6908212560386473
40,1.0,1492.5,2955,0.5050761421319797,0.8338409475465313
40,1.1,1380.0,2832,0.4872881355932203,0.8283898305084746
40,1.2000000000000002,1365.0,2728,0.500366568914956,0.8222140762463344
40,1.3000000000000003,1305.5,2645,0.49357277882797734,0.8204158790170132
40,1.4000000000000004,1349.0,2532,0.532780410742496,0.8191153238546603
40,1.5000000000000004,1330.5,2377,0.5597391670172487,0.8169962137147665
40,1.6000000000000005,1199.0,2176,0.5510110294117647,0.8065257352941176
40,1.7000000000000006,1140.0,2013,0.5663189269746647,0.8082463984103329
40,1.8000000000000007,1001.5,1831,0.5469688694702348,0.7968323320589842
40,1.9000000000000008,891.0,1607,0.5544492843808339,0.7971375233354075
40,2.000000000000001,795.0,1392,0.5711206896551724,0.7866379310344828
40,2.100000000000001,729.0,1194,0.6105527638190955,0.7847571189279732
40,2.200000000000001,590.5,994,0.5940643863179075,0.7776659959758552
40,2.300000000000001,478.0,829,0.5765983112183354,0.7659831121833535
40,2.4000000000000012,375.0,689,0.5442670537010159,0.7532656023222061
40,2.5000000000000013,248.0,548,0.45255474452554745,0.7244525547445255
40,2.6000000000000014,209.0,443,0.4717832957110609,0.7404063205417607
40,2.7000000000000015,184.5,369,0.5,0.7344173441734417
40,2.8000000000000016,209.0,309,0.6763754045307443,0.7249190938511327
40,2.9000000000000017,187.5,260,0.7211538461538461,0.7346153846153847
40,3.0000000000000018,154.5,217,0.7119815668202765,0.7096774193548387
41,1.0,1412.5,2902,0.48673328738800825,0.8318401102687801
41,1.1,1290.0,2769,0.4658721560130011,0.8248465149873601
41,1.2000000000000002,1333.5,2693,0.49517266988488673,0.8232454511696993
41,1.3000000000000003,1312.0,2595,0.505587668593449,0.8215799614643545
41,1.4000000000000004,1335.0,2500,0.534,0.816
41,1.5000000000000004,1279.0,2349,0.5444870157513836,0.8118348233290762
41,1.6000000000000005,1184.5,2160,0.5483796296296296,0.8060185185185185
41,1.7000000000000006,1140.5,1992,0.5725401606425703,0.8092369477911646
41,1.8000000000000007,957.5,1795,0.5334261838440112,0.8022284122562674
41,1.9000000000000008,885.0,1611,0.5493482309124768,0.8001241464928616
41,2.000000000000001,813.5,1390,0.5852517985611511,0.7928057553956834
41,2.100000000000001,719.5,1185,0.6071729957805907,0.7856540084388186
41,2.200000000000001,603.5,996,0.6059236947791165,0.7710843373493976
41,2.300000000000001,439.5,808,0.5439356435643564,0.7636138613861386
41,2.4000000000000012,355.5,677,0.5251107828655834,0.7474150664697193
41,2.5000000000000013,272.0,554,0.49097472924187724,0.7382671480144405
41,2.6000000000000014,216.0,450,0.48,0.7444444444444445
41,2.7000000000000015,191.0,369,0.5176151761517616,0.7371273712737128
41,2.8000000000000016,216.0,313,0.6900958466453674,0.7348242811501597
41,2.9000000000000017,197.5,261,0.7567049808429118,0.7318007662835249
41,3.0000000000000018,155.5,217,0.716589861751152,0.7050691244239631
42,1.0,1406.5,2833,0.4964701729615249,0.8330391810801271
42,1.1,1303.0,2748,0.47416302765647744,0.8256914119359534
42,1.2000000000000002,1193.5,2626,0.4544935262757045,0.8255902513328256
42,1.3000000000000003,1282.5,2564,0.500195007800312,0.8221528861154446
42,1.4000000000000004,1338.0,2472,0.5412621359223301,0.8183656957928802
42,1.5000000000000004,1266.5,2328,0.5440292096219931,0.8157216494845361
42,1.6000000000000005,1185.5,2148,0.5519087523277467,0.8147113594040968
42,1.7000000000000006,1102.5,1982,0.5562563067608476,0.8087790110998991
42,1.8000000000000007,949.5,1770,0.5364406779661017,0.8022598870056498
42,1.9000000000000008,904.5,1605,0.5635514018691589,0.8006230529595015
42,2.000000000000001,812.5,1386,0.5862193362193362,0.797979797979798
42,2.100000000000001,694.0,1174,0.5911413969335605,0.7734241908006815
42,2.200000000000001,585.5,984,0.595020325203252,0.7774390243902439
42,2.300000000000001,441.5,801,0.5511860174781523,0.7677902621722846
42,2.4000000000000012,357.5,672,0.5319940476190477,0.7529761904761905
42,2.5000000000000013,269.5,561,0.4803921568627451,0.7272727272727273
42,2.6000000000000014,250.0,443,0.5643340857787811,0.7607223476297968
42,2.7000000000000015,182.0,368,0.4945652173913043,0.7364130434782609
42,2.8000000000000016,215.5,313,0.6884984025559105,0.7380191693290735
42,2.9000000000000017,201.0,251,0.8007968127490039,0.7250996015936255
42,3.0000000000000018,139.0,210,0.6619047619047619,0.6904761904761905
43,1.0,1358.0,2787,0.4872622891998565,0.8342303552206674
43,1.1,1275.0,2703,0.4716981132075472,0.8261191268960414
43,1.2000000000000002,1213.0,2586,0.4690641918020108,0.8248259860788864
43,1.3000000000000003,1302.0,2545,0.5115913555992141,0.8259332023575638
43,1.4000000000000004,1319.0,2452,0.5379282218597063,0.8230016313213703
43,1.5000000000000004,1260.0,2333,0.5400771538791256,0.8165452207458208
43,1.6000000000000005,1168.0,2137,0.5465605989705195,0.8160973327094057
43,1.7000000000000006,1097.0,1958,0.5602655771195098,0.8100102145045965
43,1.8000000000000007,989.0,1768,0.5593891402714932,0.8076923076923077
43,1.9000000000000008,934.5,1585,0.589589905362776,0.8063091482649842
43,2.000000000000001,781.0,1380,0.5659420289855073,0.7920289855072464
43,2.100000000000001,642.5,1152,0.5577256944444444,0.7725694444444444
43,2.200000000000001,578.0,982,0.5885947046843177,0.7759674134419552
43,2.300000000000001,474.0,810,0.5851851851851851,0.7777777777777778
43,2.4000000000000012,368.5,672,0.5483630952380952,0.7574404761904762
43,2.5000000000000013,319.5,566,0.5644876325088339,0.7544169611307421
43,2.6000000000000014,244.0,450,0.5422222222222223,0.7511111111111111
43,2.7000000000000015,203.0,367,0.553133514986376,0.7574931880108992
43,2.8000000000000016,212.5,312,0.6810897435897436,0.7435897435897436
43,2.9000000000000017,198.0,255,0.7764705882352941,0.7215686274509804
43,3.0000000000000018,143.5,210,0.6833333333333333,0.7095238095238096
44,1.0,1365.5,2759,0.494925697716564,0.8379847770931497
44,1.1,1248.5,2679,0.4660321015304218,0.8286674132138858
44,1.2000000000000002,1170.5,2551,0.45883967071736576,0.8259506076048608
44,1.3000000000000003,1335.5,2523,0.5293301625049545,0.8271898533491875
44,1.4000000000000004,1245.5,2426,0.513396537510305,0.8223413025556472
44,1.5000000000000004,1237.0,2292,0.5397033158813264,0.8215532286212914
44,1.6000000000000005,1179.5,2123,0.5555817239755063,0.8162976919453604
44,1.7000000000000006,1079.0,1932,0.5584886128364389,0.8079710144927537
44,1.8000000000000007,948.5,1749,0.5423098913664951,0.8061749571183533
44,1.9000000000000008,898.0,1575,0.5701587301587302,0.7993650793650794
44,2.000000000000001,790.5,1385,0.5707581227436823,0.7963898916967509
44,2.100000000000001,637.0,1133,0.5622241835834069,0.7705207413945278
44,2.200000000000001,574.5,973,0.5904419321685509,0.7800616649537513
44,2.300000000000001,531.0,823,0.6452004860267315,0.7861482381530984
44,2.4000000000000012,367.5,675,0.5444444444444444,0.7659259259259259
44,2.5000000000000013,331.0,568,0.5827464788732394,0.7623239436619719
44,2.6000000000000014,259.0,453,0.5717439293598234,0.7549668874172185
44,2.7000000000000015,217.0,371,0.5849056603773585,0.7547169811320755
44,2.8000000000000016,205.0,315,0.6507936507936508,0.7301587301587301
44,2.9000000000000017,196.5,256,0.767578125,0.72265625
44,3.0000000000000018,154.0,214,0.719626168224299,0.7102803738317757
45,1.0,1335.5,2738,0.48776479181884586,0.8360116873630388
45,1.1,1201.0,2633,0.4561336878085834,0.82947208507406
45,1.2000000000000002,1182.0,2535,0.4662721893491124,0.8252465483234714
45,1.3000000000000003,1303.5,2486,0.5243362831858407,0.82864038616251
45,1.4000000000000004,1208.5,2395,0.5045929018789144,0.8208768267223382
45,1.5000000000000004,1204.0,2271,0.5301629238221048,0.8163804491413474
45,1.6000000000000005,1148.5,2118,0.5422568460812087,0.8149197355996223
45,1.7000000000000006,1046.0,1921,0.5445080687142113,0.8058302967204581
45,1.8000000000000007,967.0,1726,0.5602549246813442,0.8076477404403245
45,1.9000000000000008,878.0,1557,0.5639049454078355,0.8015414258188824
45,2.000000000000001,801.5,1384,0.5791184971098265,0.8013005780346821
45,2.100000000000001,643.0,1137,0.565523306948109,0.7774846086191732
45,2.200000000000001,589.5,978,0.602760736196319,0.7719836400817995
45,2.300000000000001,503.5,813,0.6193111931119312,0.7822878228782287
45,2.4000000000000012,397.5,679,0.585419734904271,0.7643593519882179
45,2.5000000000000013,301.0,548,0.5492700729927007,0.7536496350364964
45,2.6000000000000014,268.5,454,0.5914096916299559,0.751101321585903
45,2.7000000000000015,199.5,362,0.5511049723756906,0.7624309392265194
45,2.8000000000000016,174.0,311,0.5594855305466238,0.7234726688102894
45,2.9000000000000017,192.0,255,0.7529411764705882,0.7372549019607844
45,3.0000000000000018,127.5,206,0.6189320388349514,0.7038834951456311
46,1.0,1302.0,2700,0.4822222222222222,0.8362962962962963
46,1.1,1217.0,2615,0.4653919694072658,0.8275334608030592
46,1.2000000000000002,1181.0,2515,0.46958250497017895,0.8254473161033797
46,1.3000000000000003,1279.0,2474,0.5169765561843169,0.8318512530315278
46,1.4000000000000004,1188.0,2367,0.5019011406844106,0.8229826784959865
46,1.5000000000000004,1200.0,2248,0.5338078291814946,0.8180604982206405
46,1.6000000000000005,1094.0,2092,0.5229445506692161,0.8121414913957935
46,1.7000000000000006,1026.0,1904,0.5388655462184874,0.8067226890756303
46,1.8000000000000007,946.0,1701,0.5561434450323339,0.8030570252792475
46,1.9000000000000008,862.0,1552,0.5554123711340206,0.8028350515463918
46,2.000000000000001,802.0,1371,0.5849744711889132,0.7964989059080962
46,2.100000000000001,663.5,1133,0.5856134157105031,0.7837599293909974
46,2.200000000000001,579.0,962,0.6018711018711018,0.7692307692307693
46,2.300000000000001,502.0,812,0.6182266009852216,0.7770935960591133
46,2.4000000000000012,381.0,674,0.5652818991097923,0.7626112759643917
46,2.5000000000000013,329.5,563,0.5852575488454707,0.7602131438721137
46,2.6000000000000014,264.0,460,0.5739130434782609,0.75
46,2.7000000000000015,220.5,367,0.6008174386920981,0.7547683923705722
46,2.8000000000000016,163.0,314,0.5191082802547771,0.7261146496815286
46,2.9000000000000017,167.5,254,0.6594488188976378,0.7204724409448819
46,3.0000000000000018,114.5,202,0.5668316831683168,0.693069306930693
47,1.0,1293.5,2658,0.4866440933032355,0.8355906696764485
47,1.1,1211.5,2577,0.47012029491656965,0.8292588280946838
47,1.2000000000000002,1207.0,2514,0.4801113762927605,0.8281622911694511
47,1.3000000000000003,1238.5,2436,0.5084154351395731,0.8316912972085386
47,1.4000000000000004,1162.5,2332,0.4984991423670669,0.8259005145797599
47,1.5000000000000004,1181.5,2226,0.5307726864330637,0.8216531895777179
47,1.6000000000000005,1090.5,2088,0.5222701149425287,0.8117816091954023
47,1.7000000000000006,1000.5,1882,0.531615302869288,0.8108395324123273
47,1.8000000000000007,893.5,1694,0.5274498229043684,0.7981109799291618
47,1.9000000000000008,839.0,1528,0.5490837696335078,0.8017015706806283
47,2.000000000000001,780.5,1348,0.5790059347181009,0.7959940652818991
47,2.100000000000001,639.5,1127,0.5674356699201419,0.7799467613132209
47,2.200000000000001,551.5,950,0.5805263157894737,0.7610526315789473
47,2.300000000000001,507.0,811,0.625154130702836,0.7780517879161529
47,2.4000000000000012,370.5,668,0.5546407185628742,0.7634730538922155
47,2.5000000000000013,329.5,553,0.5958408679927667,0.7649186256781193
47,2.6000000000000014,280.0,467,0.5995717344753747,0.7494646680942184
47,2.7000000000000015,203.5,374,0.5441176470588235,0.7566844919786097
47,2.8000000000000016,147.0,307,0.4788273615635179,0.7328990228013029
47,2.9000000000000017,151.5,257,0.5894941634241245,0.7159533073929961
47,3.0000000000000018,122.0,202,0.6039603960396039,0.7128712871287128
48,1.0,1281.5,2648,0.4839501510574018,0.8357250755287009
48,1.1,1188.0,2560,0.4640625,0.833203125
48,1.2000000000000002,1175.5,2464,0.4770698051948052,0.8267045454545454
48,1.3000000000000003,1247.5,2401,0.5195751770095793,0.8304872969596002
48,1.4000000000000004,1175.5,2313,0.5082144401210549,0.8270644185041072
48,1.5000000000000004,1123.5,2204,0.5097549909255898,0.8216878402903811
48,1.6000000000000005,1072.0,2057,0.521147301895965,0.8138065143412737
48,1.7000000000000006,1037.0,1869,0.5548421615837347,0.8159443552701979
48,1.8000000000000007,927.0,1694,0.5472255017709563,0.8022432113341205
48,1.9000000000000008,846.5,1507,0.5617120106171201,0.8069011280690113
48,2.000000000000001,768.0,1340,0.573134328358209,0.7955223880597015
48,2.100000000000001,660.0,1139,0.5794556628621598,0.7848990342405618
48,2.200000000000001,546.0,946,0.5771670190274841,0.766384778012685
48,2.300000000000001,489.5,812,0.6028325123152709,0.7684729064039408
48,2.4000000000000012,387.5,675,0.5740740740740741,0.7748148148148148
48,2.5000000000000013,310.5,560,0.5544642857142857,0.7642857142857142
48,2.6000000000000014,255.5,460,0.5554347826086956,0.7478260869565218
48,2.7000000000000015,210.5,379,0.5554089709762533,0.7546174142480211
48,2.8000000000000016,157.0,308,0.5097402597402597,0.7467532467532467
48,2.9000000000000017,140.0,262,0.5343511450381679,0.7099236641221374
48,3.0000000000000018,130.5,212,0.6155660377358491,0.7216981132075472
49,1.0,1276.0,2649,0.4816912042280106,0.8361645904114761
49,1.1,1178.5,2545,0.4630648330058939,0.8349705304518664
49,1.2000000000000002,1185.0,2441,0.48545678000819337,0.8279393691110201
49,1.3000000000000003,1226.5,2381,0.5151196976060479,0.8307433851322974
49,1.4000000000000004,1114.5,2260,0.493141592920354,0.8252212389380531
49,1.5000000000000004,1010.0,2145,0.47086247086247085,0.8181818181818182
49,1.6000000000000005,1073.0,2050,0.5234146341463415,0.8185365853658536
49,1.7000000000000006,1017.5,1863,0.5461621041331186,0.8142780461621041
49,1.8000000000000007,920.0,1689,0.5447010065127295,0.8004736530491415
49,1.9000000000000008,824.0,1489,0.5533915379449295,0.8052384150436535
49,2.000000000000001,765.5,1335,0.5734082397003746,0.7962546816479401
49,2.100000000000001,687.5,1137,0.6046613896218118,0.7950747581354441
49,2.200000000000001,551.0,941,0.5855472901168969,0.7747077577045696
49,2.300000000000001,501.5,821,0.6108404384896468,0.7661388550548112
49,2.4000000000000012,392.0,676,0.5798816568047337,0.7781065088757396
49,2.5000000000000013,298.5,551,0.5417422867513612,0.764065335753176
49,2.6000000000000014,242.5,464,0.5226293103448276,0.7521551724137931
49,2.7000000000000015,181.5,376,0.48271276595744683,0.75
49,2.8000000000000016,159.5,305,0.5229508196721312,0.7540983606557377
49,2.9000000000000017,135.0,261,0.5172413793103449,0.7126436781609196
49,3.0000000000000018,142.0,212,0.6698113207547169,0.7169811320754716
50,1.0,1243.0,2636,0.47154779969650984,0.8353566009104704
50,1.1,1192.0,2519,0.4732036522429536,0.8356490670901151
50,1.2000000000000002,1116.0,2412,0.4626865671641791,0.8266998341625207
50,1.3000000000000003,1141.5,2343,0.4871959026888604,0.8314127187366624
50,1.4000000000000004,1110.0,2225,0.49887640449438203,0.8274157303370786
50,1.5000000000000004,1060.0,2133,0.496952648851383,0.8227848101265823
50,1.6000000000000005,1052.0,2026,0.5192497532082923,0.8173741362290227
50,1.7000000000000006,1018.5,1872,0.5440705128205128,0.8135683760683761
50,1.8000000000000007,895.5,1666,0.537515006002401,0.7995198079231692
50,1.9000000000000008,803.0,1480,0.5425675675675675,0.8054054054054054
50,2.000000000000001,728.5,1311,0.5556826849733029,0.7993897787948131
50,2.100000000000001,688.5,1134,0.6071428571428571,0.798941798941799
50,2.200000000000001,576.0,953,0.6044071353620147,0.7859391395592865
50,2.300000000000001,476.0,815,0.5840490797546012,0.7717791411042945
50,2.4000000000000012,388.0,675,0.5748148148148148,0.7718518518518519
50,2.5000000000000013,287.0,548,0.5237226277372263,0.7536496350364964
50,2.6000000000000014,248.5,456,0.5449561403508771,0.75
50,2.7000000000000015,209.0,375,0.5573333333333333,0.7573333333333333
50,2.8000000000000016,152.0,308,0.4935064935064935,0.737012987012987
50,2.9000000000000017,147.0,259,0.5675675675675675,0.7258687258687259
50,3.0000000000000018,157.5,223,0.7062780269058296,0.726457399103139
