,buy_z,sell_z,exit_z,pnl
0,0.5,0.5,0.0,247.0
1,0.5,0.5,0.1,381.0
2,0.5,0.5,0.2,566.5
3,0.5,0.5,0.30000000000000004,617.0
4,0.5,0.5,0.4,795.0
5,0.5,0.5,0.5,762.0
6,0.5,0.5,0.6000000000000001,901.0
7,0.5,0.5,0.7000000000000001,811.5
8,0.5,0.5,0.8,947.0
9,0.5,0.5,0.9,1101.5
10,0.5,0.5,1.0,931.0
11,0.5,0.7,0.0,44.0
12,0.5,0.7,0.1,519.0
13,0.5,0.7,0.2,628.0
14,0.5,0.7,0.30000000000000004,551.0
15,0.5,0.7,0.4,592.5
16,0.5,0.7,0.5,719.5
17,0.5,0.7,0.6000000000000001,805.0
18,0.5,0.7,0.7000000000000001,719.0
19,0.5,0.7,0.8,846.5
20,0.5,0.7,0.9,950.0
21,0.5,0.7,1.0,808.0
22,0.5,0.9,0.0,437.5
23,0.5,0.9,0.1,564.0
24,0.5,0.9,0.2,603.5
25,0.5,0.9,0.30000000000000004,517.0
26,0.5,0.9,0.4,516.5
27,0.5,0.9,0.5,638.5
28,0.5,0.9,0.6000000000000001,611.0
29,0.5,0.9,0.7000000000000001,509.0
30,0.5,0.9,0.8,634.5
31,0.5,0.9,0.9,795.0
32,0.5,0.9,1.0,783.5
33,0.5,1.1,0.0,159.5
34,0.5,1.1,0.1,405.5
35,0.5,1.1,0.2,463.0
36,0.5,1.1,0.30000000000000004,426.5
37,0.5,1.1,0.4,472.5
38,0.5,1.1,0.5,605.5
39,0.5,1.1,0.6000000000000001,587.5
40,0.5,1.1,0.7000000000000001,542.0
41,0.5,1.1,0.8,658.5
42,0.5,1.1,0.9,703.5
43,0.5,1.1,1.0,582.0
44,0.5,1.3,0.0,159.0
45,0.5,1.3,0.1,414.5
46,0.5,1.3,0.2,486.5
47,0.5,1.3,0.30000000000000004,450.0
48,0.5,1.3,0.4,496.0
49,0.5,1.3,0.5,635.0
50,0.5,1.3,0.6000000000000001,626.0
51,0.5,1.3,0.7000000000000001,549.5
52,0.5,1.3,0.8,667.5
53,0.5,1.3,0.9,773.0
54,0.5,1.3,1.0,705.5
55,0.5,1.5,0.0,103.5
56,0.5,1.5,0.1,390.0
57,0.5,1.5,0.2,474.0
58,0.5,1.5,0.30000000000000004,437.5
59,0.5,1.5,0.4,483.5
60,0.5,1.5,0.5,627.0
61,0.5,1.5,0.6000000000000001,633.5
62,0.5,1.5,0.7000000000000001,500.5
63,0.5,1.5,0.8,663.5
64,0.5,1.5,0.9,750.5
65,0.5,1.5,1.0,710.0
66,0.5,1.7000000000000002,0.0,119.0
67,0.5,1.7000000000000002,0.1,402.0
68,0.5,1.7000000000000002,0.2,529.0
69,0.5,1.7000000000000002,0.30000000000000004,492.5
70,0.5,1.7000000000000002,0.4,538.5
71,0.5,1.7000000000000002,0.5,668.5
72,0.5,1.7000000000000002,0.6000000000000001,614.5
73,0.5,1.7000000000000002,0.7000000000000001,498.5
74,0.5,1.7000000000000002,0.8,566.5
75,0.5,1.7000000000000002,0.9,627.5
76,0.5,1.7000000000000002,1.0,613.0
77,0.5,1.9000000000000001,0.0,50.5
78,0.5,1.9000000000000001,0.1,381.0
79,0.5,1.9000000000000001,0.2,386.5
80,0.5,1.9000000000000001,0.30000000000000004,362.5
81,0.5,1.9000000000000001,0.4,415.5
82,0.5,1.9000000000000001,0.5,517.0
83,0.5,1.9000000000000001,0.6000000000000001,482.0
84,0.5,1.9000000000000001,0.7000000000000001,377.5
85,0.5,1.9000000000000001,0.8,461.0
86,0.5,1.9000000000000001,0.9,547.5
87,0.5,1.9000000000000001,1.0,583.5
88,0.5,2.1,0.0,-424.0
89,0.5,2.1,0.1,37.0
90,0.5,2.1,0.2,75.5
91,0.5,2.1,0.30000000000000004,53.0
92,0.5,2.1,0.4,140.0
93,0.5,2.1,0.5,197.0
94,0.5,2.1,0.6000000000000001,186.0
95,0.5,2.1,0.7000000000000001,134.0
96,0.5,2.1,0.8,225.0
97,0.5,2.1,0.9,333.0
98,0.5,2.1,1.0,269.5
99,0.5,2.3,0.0,-424.0
100,0.5,2.3,0.1,37.0
101,0.5,2.3,0.2,75.5
102,0.5,2.3,0.30000000000000004,53.0
103,0.5,2.3,0.4,140.0
104,0.5,2.3,0.5,197.0
105,0.5,2.3,0.6000000000000001,186.0
106,0.5,2.3,0.7000000000000001,134.0
107,0.5,2.3,0.8,225.0
108,0.5,2.3,0.9,333.0
109,0.5,2.3,1.0,269.5
110,0.5,2.5,0.0,-424.0
111,0.5,2.5,0.1,37.0
112,0.5,2.5,0.2,75.5
113,0.5,2.5,0.30000000000000004,53.0
114,0.5,2.5,0.4,140.0
115,0.5,2.5,0.5,197.0
116,0.5,2.5,0.6000000000000001,186.0
117,0.5,2.5,0.7000000000000001,134.0
118,0.5,2.5,0.8,225.0
119,0.5,2.5,0.9,333.0
120,0.5,2.5,1.0,269.5
121,0.7,0.5,0.0,326.5
122,0.7,0.5,0.1,406.0
123,0.7,0.5,0.2,583.5
124,0.7,0.5,0.30000000000000004,638.0
125,0.7,0.5,0.4,696.5
126,0.7,0.5,0.5,600.5
127,0.7,0.5,0.6000000000000001,749.5
128,0.7,0.5,0.7000000000000001,710.0
129,0.7,0.5,0.8,786.0
130,0.7,0.5,0.9,935.0
131,0.7,0.5,1.0,720.0
132,0.7,0.7,0.0,129.5
133,0.7,0.7,0.1,544.0
134,0.7,0.7,0.2,645.0
135,0.7,0.7,0.30000000000000004,572.0
136,0.7,0.7,0.4,494.0
137,0.7,0.7,0.5,558.0
138,0.7,0.7,0.6000000000000001,653.5
139,0.7,0.7,0.7000000000000001,617.5
140,0.7,0.7,0.8,685.5
141,0.7,0.7,0.9,783.5
142,0.7,0.7,1.0,597.0
143,0.7,0.9,0.0,523.0
144,0.7,0.9,0.1,589.0
145,0.7,0.9,0.2,620.5
146,0.7,0.9,0.30000000000000004,538.0
147,0.7,0.9,0.4,418.0
148,0.7,0.9,0.5,477.0
149,0.7,0.9,0.6000000000000001,459.5
150,0.7,0.9,0.7000000000000001,407.5
151,0.7,0.9,0.8,473.5
152,0.7,0.9,0.9,628.5
153,0.7,0.9,1.0,572.5
154,0.7,1.1,0.0,194.0
155,0.7,1.1,0.1,430.5
156,0.7,1.1,0.2,480.0
157,0.7,1.1,0.30000000000000004,447.5
158,0.7,1.1,0.4,374.0
159,0.7,1.1,0.5,444.0
160,0.7,1.1,0.6000000000000001,436.0
161,0.7,1.1,0.7000000000000001,440.5
162,0.7,1.1,0.8,497.5
163,0.7,1.1,0.9,537.0
164,0.7,1.1,1.0,371.0
165,0.7,1.3,0.0,193.5
166,0.7,1.3,0.1,439.5
167,0.7,1.3,0.2,503.5
168,0.7,1.3,0.30000000000000004,471.0
169,0.7,1.3,0.4,397.5
170,0.7,1.3,0.5,473.5
171,0.7,1.3,0.6000000000000001,474.5
172,0.7,1.3,0.7000000000000001,448.0
173,0.7,1.3,0.8,506.5
174,0.7,1.3,0.9,606.5
175,0.7,1.3,1.0,494.5
176,0.7,1.5,0.0,138.0
177,0.7,1.5,0.1,415.0
178,0.7,1.5,0.2,491.0
179,0.7,1.5,0.30000000000000004,458.5
180,0.7,1.5,0.4,385.0
181,0.7,1.5,0.5,465.5
182,0.7,1.5,0.6000000000000001,482.0
183,0.7,1.5,0.7000000000000001,399.0
184,0.7,1.5,0.8,502.5
185,0.7,1.5,0.9,584.0
186,0.7,1.5,1.0,499.0
187,0.7,1.7000000000000002,0.0,153.5
188,0.7,1.7000000000000002,0.1,427.0
189,0.7,1.7000000000000002,0.2,546.0
190,0.7,1.7000000000000002,0.30000000000000004,513.5
191,0.7,1.7000000000000002,0.4,440.0
192,0.7,1.7000000000000002,0.5,507.0
193,0.7,1.7000000000000002,0.6000000000000001,463.0
194,0.7,1.7000000000000002,0.7000000000000001,397.0
195,0.7,1.7000000000000002,0.8,405.5
196,0.7,1.7000000000000002,0.9,461.0
197,0.7,1.7000000000000002,1.0,402.0
198,0.7,1.9000000000000001,0.0,85.0
199,0.7,1.9000000000000001,0.1,406.0
200,0.7,1.9000000000000001,0.2,403.5
201,0.7,1.9000000000000001,0.30000000000000004,383.5
202,0.7,1.9000000000000001,0.4,317.0
203,0.7,1.9000000000000001,0.5,355.5
204,0.7,1.9000000000000001,0.6000000000000001,330.5
205,0.7,1.9000000000000001,0.7000000000000001,276.0
206,0.7,1.9000000000000001,0.8,300.0
207,0.7,1.9000000000000001,0.9,381.0
208,0.7,1.9000000000000001,1.0,372.5
209,0.7,2.1,0.0,-434.5
210,0.7,2.1,0.1,62.0
211,0.7,2.1,0.2,92.5
212,0.7,2.1,0.30000000000000004,74.0
213,0.7,2.1,0.4,41.5
214,0.7,2.1,0.5,35.5
215,0.7,2.1,0.6000000000000001,34.5
216,0.7,2.1,0.7000000000000001,32.5
217,0.7,2.1,0.8,64.0
218,0.7,2.1,0.9,166.5
219,0.7,2.1,1.0,58.5
220,0.7,2.3,0.0,-434.5
221,0.7,2.3,0.1,62.0
222,0.7,2.3,0.2,92.5
223,0.7,2.3,0.30000000000000004,74.0
224,0.7,2.3,0.4,41.5
225,0.7,2.3,0.5,35.5
226,0.7,2.3,0.6000000000000001,34.5
227,0.7,2.3,0.7000000000000001,32.5
228,0.7,2.3,0.8,64.0
229,0.7,2.3,0.9,166.5
230,0.7,2.3,1.0,58.5
231,0.7,2.5,0.0,-434.5
232,0.7,2.5,0.1,62.0
233,0.7,2.5,0.2,92.5
234,0.7,2.5,0.30000000000000004,74.0
235,0.7,2.5,0.4,41.5
236,0.7,2.5,0.5,35.5
237,0.7,2.5,0.6000000000000001,34.5
238,0.7,2.5,0.7000000000000001,32.5
239,0.7,2.5,0.8,64.0
240,0.7,2.5,0.9,166.5
241,0.7,2.5,1.0,58.5
242,0.9,0.5,0.0,603.0
243,0.9,0.5,0.1,397.0
244,0.9,0.5,0.2,502.5
245,0.9,0.5,0.30000000000000004,570.0
246,0.9,0.5,0.4,645.0
247,0.9,0.5,0.5,533.5
248,0.9,0.5,0.6000000000000001,729.0
249,0.9,0.5,0.7000000000000001,699.0
250,0.9,0.5,0.8,799.5
251,0.9,0.5,0.9,951.0
252,0.9,0.5,1.0,897.0
253,0.9,0.7,0.0,235.5
254,0.9,0.7,0.1,535.0
255,0.9,0.7,0.2,564.0
256,0.9,0.7,0.30000000000000004,504.0
257,0.9,0.7,0.4,442.5
258,0.9,0.7,0.5,491.0
259,0.9,0.7,0.6000000000000001,633.0
260,0.9,0.7,0.7000000000000001,606.5
261,0.9,0.7,0.8,699.0
262,0.9,0.7,0.9,799.5
263,0.9,0.7,1.0,774.0
264,0.9,0.9,0.0,629.0
265,0.9,0.9,0.1,580.0
266,0.9,0.9,0.2,539.5
267,0.9,0.9,0.30000000000000004,470.0
268,0.9,0.9,0.4,366.5
269,0.9,0.9,0.5,410.0
270,0.9,0.9,0.6000000000000001,439.0
271,0.9,0.9,0.7000000000000001,396.5
272,0.9,0.9,0.8,487.0
273,0.9,0.9,0.9,644.5
274,0.9,0.9,1.0,749.5
275,0.9,1.1,0.0,260.0
276,0.9,1.1,0.1,421.5
277,0.9,1.1,0.2,399.0
278,0.9,1.1,0.30000000000000004,379.5
279,0.9,1.1,0.4,322.5
280,0.9,1.1,0.5,377.0
281,0.9,1.1,0.6000000000000001,415.5
282,0.9,1.1,0.7000000000000001,429.5
283,0.9,1.1,0.8,511.0
284,0.9,1.1,0.9,553.0
285,0.9,1.1,1.0,548.0
286,0.9,1.3,0.0,259.5
287,0.9,1.3,0.1,430.5
288,0.9,1.3,0.2,422.5
289,0.9,1.3,0.30000000000000004,403.0
290,0.9,1.3,0.4,346.0
291,0.9,1.3,0.5,406.5
292,0.9,1.3,0.6000000000000001,454.0
293,0.9,1.3,0.7000000000000001,437.0
294,0.9,1.3,0.8,520.0
295,0.9,1.3,0.9,622.5
296,0.9,1.3,1.0,671.5
297,0.9,1.5,0.0,204.0
298,0.9,1.5,0.1,406.0
299,0.9,1.5,0.2,410.0
300,0.9,1.5,0.30000000000000004,390.5
301,0.9,1.5,0.4,333.5
302,0.9,1.5,0.5,398.5
303,0.9,1.5,0.6000000000000001,461.5
304,0.9,1.5,0.7000000000000001,388.0
305,0.9,1.5,0.8,516.0
306,0.9,1.5,0.9,600.0
307,0.9,1.5,1.0,676.0
308,0.9,1.7000000000000002,0.0,219.5
309,0.9,1.7000000000000002,0.1,418.0
310,0.9,1.7000000000000002,0.2,465.0
311,0.9,1.7000000000000002,0.30000000000000004,445.5
312,0.9,1.7000000000000002,0.4,388.5
313,0.9,1.7000000000000002,0.5,440.0
314,0.9,1.7000000000000002,0.6000000000000001,442.5
315,0.9,1.7000000000000002,0.7000000000000001,386.0
316,0.9,1.7000000000000002,0.8,419.0
317,0.9,1.7000000000000002,0.9,477.0
318,0.9,1.7000000000000002,1.0,579.0
319,0.9,1.9000000000000001,0.0,151.0
320,0.9,1.9000000000000001,0.1,397.0
321,0.9,1.9000000000000001,0.2,322.5
322,0.9,1.9000000000000001,0.30000000000000004,315.5
323,0.9,1.9000000000000001,0.4,265.5
324,0.9,1.9000000000000001,0.5,288.5
325,0.9,1.9000000000000001,0.6000000000000001,310.0
326,0.9,1.9000000000000001,0.7000000000000001,265.0
327,0.9,1.9000000000000001,0.8,313.5
328,0.9,1.9000000000000001,0.9,397.0
329,0.9,1.9000000000000001,1.0,549.5
330,0.9,2.1,0.0,-424.0
331,0.9,2.1,0.1,53.0
332,0.9,2.1,0.2,11.5
333,0.9,2.1,0.30000000000000004,6.0
334,0.9,2.1,0.4,-10.0
335,0.9,2.1,0.5,-31.5
336,0.9,2.1,0.6000000000000001,14.0
337,0.9,2.1,0.7000000000000001,21.5
338,0.9,2.1,0.8,77.5
339,0.9,2.1,0.9,182.5
340,0.9,2.1,1.0,235.5
341,0.9,2.3,0.0,-424.0
342,0.9,2.3,0.1,53.0
343,0.9,2.3,0.2,11.5
344,0.9,2.3,0.30000000000000004,6.0
345,0.9,2.3,0.4,-10.0
346,0.9,2.3,0.5,-31.5
347,0.9,2.3,0.6000000000000001,14.0
348,0.9,2.3,0.7000000000000001,21.5
349,0.9,2.3,0.8,77.5
350,0.9,2.3,0.9,182.5
351,0.9,2.3,1.0,235.5
352,0.9,2.5,0.0,-424.0
353,0.9,2.5,0.1,53.0
354,0.9,2.5,0.2,11.5
355,0.9,2.5,0.30000000000000004,6.0
356,0.9,2.5,0.4,-10.0
357,0.9,2.5,0.5,-31.5
358,0.9,2.5,0.6000000000000001,14.0
359,0.9,2.5,0.7000000000000001,21.5
360,0.9,2.5,0.8,77.5
361,0.9,2.5,0.9,182.5
362,0.9,2.5,1.0,235.5
363,1.1,0.5,0.0,749.0
364,1.1,0.5,0.1,364.5
365,1.1,0.5,0.2,505.0
366,1.1,0.5,0.30000000000000004,575.0
367,1.1,0.5,0.4,654.5
368,1.1,0.5,0.5,573.5
369,1.1,0.5,0.6000000000000001,743.5
370,1.1,0.5,0.7000000000000001,697.5
371,1.1,0.5,0.8,767.0
372,1.1,0.5,0.9,925.0
373,1.1,0.5,1.0,952.5
374,1.1,0.7,0.0,330.0
375,1.1,0.7,0.1,502.5
376,1.1,0.7,0.2,566.5
377,1.1,0.7,0.30000000000000004,509.0
378,1.1,0.7,0.4,452.0
379,1.1,0.7,0.5,531.0
380,1.1,0.7,0.6000000000000001,647.5
381,1.1,0.7,0.7000000000000001,605.0
382,1.1,0.7,0.8,666.5
383,1.1,0.7,0.9,773.5
384,1.1,0.7,1.0,829.5
385,1.1,0.9,0.0,723.5
386,1.1,0.9,0.1,547.5
387,1.1,0.9,0.2,542.0
388,1.1,0.9,0.30000000000000004,475.0
389,1.1,0.9,0.4,376.0
390,1.1,0.9,0.5,450.0
391,1.1,0.9,0.6000000000000001,453.5
392,1.1,0.9,0.7000000000000001,395.0
393,1.1,0.9,0.8,454.5
394,1.1,0.9,0.9,618.5
395,1.1,0.9,1.0,805.0
396,1.1,1.1,0.0,307.5
397,1.1,1.1,0.1,389.0
398,1.1,1.1,0.2,401.5
399,1.1,1.1,0.30000000000000004,384.5
400,1.1,1.1,0.4,332.0
401,1.1,1.1,0.5,417.0
402,1.1,1.1,0.6000000000000001,430.0
403,1.1,1.1,0.7000000000000001,428.0
404,1.1,1.1,0.8,478.5
405,1.1,1.1,0.9,527.0
406,1.1,1.1,1.0,603.5
407,1.1,1.3,0.0,307.0
408,1.1,1.3,0.1,398.0
409,1.1,1.3,0.2,425.0
410,1.1,1.3,0.30000000000000004,408.0
411,1.1,1.3,0.4,355.5
412,1.1,1.3,0.5,446.5
413,1.1,1.3,0.6000000000000001,468.5
414,1.1,1.3,0.7000000000000001,435.5
415,1.1,1.3,0.8,487.5
416,1.1,1.3,0.9,596.5
417,1.1,1.3,1.0,727.0
418,1.1,1.5,0.0,251.5
419,1.1,1.5,0.1,373.5
420,1.1,1.5,0.2,412.5
421,1.1,1.5,0.30000000000000004,395.5
422,1.1,1.5,0.4,343.0
423,1.1,1.5,0.5,438.5
424,1.1,1.5,0.6000000000000001,476.0
425,1.1,1.5,0.7000000000000001,386.5
426,1.1,1.5,0.8,483.5
427,1.1,1.5,0.9,574.0
428,1.1,1.5,1.0,731.5
429,1.1,1.7000000000000002,0.0,267.0
430,1.1,1.7000000000000002,0.1,385.5
431,1.1,1.7000000000000002,0.2,467.5
432,1.1,1.7000000000000002,0.30000000000000004,450.5
433,1.1,1.7000000000000002,0.4,398.0
434,1.1,1.7000000000000002,0.5,480.0
435,1.1,1.7000000000000002,0.6000000000000001,457.0
436,1.1,1.7000000000000002,0.7000000000000001,384.5
437,1.1,1.7000000000000002,0.8,386.5
438,1.1,1.7000000000000002,0.9,451.0
439,1.1,1.7000000000000002,1.0,634.5
440,1.1,1.9000000000000001,0.0,198.5
441,1.1,1.9000000000000001,0.1,364.5
442,1.1,1.9000000000000001,0.2,325.0
443,1.1,1.9000000000000001,0.30000000000000004,320.5
444,1.1,1.9000000000000001,0.4,275.0
445,1.1,1.9000000000000001,0.5,328.5
446,1.1,1.9000000000000001,0.6000000000000001,324.5
447,1.1,1.9000000000000001,0.7000000000000001,263.5
448,1.1,1.9000000000000001,0.8,281.0
449,1.1,1.9000000000000001,0.9,371.0
450,1.1,1.9000000000000001,1.0,605.0
451,1.1,2.1,0.0,-412.0
452,1.1,2.1,0.1,20.5
453,1.1,2.1,0.2,14.0
454,1.1,2.1,0.30000000000000004,11.0
455,1.1,2.1,0.4,-0.5
456,1.1,2.1,0.5,8.5
457,1.1,2.1,0.6000000000000001,28.5
458,1.1,2.1,0.7000000000000001,20.0
459,1.1,2.1,0.8,45.0
460,1.1,2.1,0.9,156.5
461,1.1,2.1,1.0,291.0
462,1.1,2.3,0.0,-412.0
463,1.1,2.3,0.1,20.5
464,1.1,2.3,0.2,14.0
465,1.1,2.3,0.30000000000000004,11.0
466,1.1,2.3,0.4,-0.5
467,1.1,2.3,0.5,8.5
468,1.1,2.3,0.6000000000000001,28.5
469,1.1,2.3,0.7000000000000001,20.0
470,1.1,2.3,0.8,45.0
471,1.1,2.3,0.9,156.5
472,1.1,2.3,1.0,291.0
473,1.1,2.5,0.0,-412.0
474,1.1,2.5,0.1,20.5
475,1.1,2.5,0.2,14.0
476,1.1,2.5,0.30000000000000004,11.0
477,1.1,2.5,0.4,-0.5
478,1.1,2.5,0.5,8.5
479,1.1,2.5,0.6000000000000001,28.5
480,1.1,2.5,0.7000000000000001,20.0
481,1.1,2.5,0.8,45.0
482,1.1,2.5,0.9,156.5
483,1.1,2.5,1.0,291.0
484,1.3,0.5,0.0,797.5
485,1.3,0.5,0.1,416.5
486,1.3,0.5,0.2,555.5
487,1.3,0.5,0.30000000000000004,611.0
488,1.3,0.5,0.4,698.0
489,1.3,0.5,0.5,642.5
490,1.3,0.5,0.6000000000000001,804.0
491,1.3,0.5,0.7000000000000001,776.0
492,1.3,0.5,0.8,888.0
493,1.3,0.5,0.9,975.5
494,1.3,0.5,1.0,949.0
495,1.3,0.7,0.0,474.0
496,1.3,0.7,0.1,554.5
497,1.3,0.7,0.2,617.0
498,1.3,0.7,0.30000000000000004,545.0
499,1.3,0.7,0.4,495.5
500,1.3,0.7,0.5,600.0
501,1.3,0.7,0.6000000000000001,708.0
502,1.3,0.7,0.7000000000000001,683.5
503,1.3,0.7,0.8,787.5
504,1.3,0.7,0.9,824.0
505,1.3,0.7,1.0,826.0
506,1.3,0.9,0.0,867.5
507,1.3,0.9,0.1,599.5
508,1.3,0.9,0.2,592.5
509,1.3,0.9,0.30000000000000004,511.0
510,1.3,0.9,0.4,419.5
511,1.3,0.9,0.5,519.0
512,1.3,0.9,0.6000000000000001,514.0
513,1.3,0.9,0.7000000000000001,473.5
514,1.3,0.9,0.8,575.5
515,1.3,0.9,0.9,669.0
516,1.3,0.9,1.0,801.5
517,1.3,1.1,0.0,380.5
518,1.3,1.1,0.1,441.0
519,1.3,1.1,0.2,452.0
520,1.3,1.1,0.30000000000000004,420.5
521,1.3,1.1,0.4,375.5
522,1.3,1.1,0.5,486.0
523,1.3,1.1,0.6000000000000001,490.5
524,1.3,1.1,0.7000000000000001,506.5
525,1.3,1.1,0.8,599.5
526,1.3,1.1,0.9,577.5
527,1.3,1.1,1.0,600.0
528,1.3,1.3,0.0,380.0
529,1.3,1.3,0.1,450.0
530,1.3,1.3,0.2,475.5
531,1.3,1.3,0.30000000000000004,444.0
532,1.3,1.3,0.4,399.0
533,1.3,1.3,0.5,515.5
534,1.3,1.3,0.6000000000000001,529.0
535,1.3,1.3,0.7000000000000001,514.0
536,1.3,1.3,0.8,608.5
537,1.3,1.3,0.9,647.0
538,1.3,1.3,1.0,723.5
539,1.3,1.5,0.0,324.5
540,1.3,1.5,0.1,425.5
541,1.3,1.5,0.2,463.0
542,1.3,1.5,0.30000000000000004,431.5
543,1.3,1.5,0.4,386.5
544,1.3,1.5,0.5,507.5
545,1.3,1.5,0.6000000000000001,536.5
546,1.3,1.5,0.7000000000000001,465.0
547,1.3,1.5,0.8,604.5
548,1.3,1.5,0.9,624.5
549,1.3,1.5,1.0,728.0
550,1.3,1.7000000000000002,0.0,340.0
551,1.3,1.7000000000000002,0.1,437.5
552,1.3,1.7000000000000002,0.2,518.0
553,1.3,1.7000000000000002,0.30000000000000004,486.5
554,1.3,1.7000000000000002,0.4,441.5
555,1.3,1.7000000000000002,0.5,549.0
556,1.3,1.7000000000000002,0.6000000000000001,517.5
557,1.3,1.7000000000000002,0.7000000000000001,463.0
558,1.3,1.7000000000000002,0.8,507.5
559,1.3,1.7000000000000002,0.9,501.5
560,1.3,1.7000000000000002,1.0,631.0
561,1.3,1.9000000000000001,0.0,271.5
562,1.3,1.9000000000000001,0.1,416.5
563,1.3,1.9000000000000001,0.2,375.5
564,1.3,1.9000000000000001,0.30000000000000004,356.5
565,1.3,1.9000000000000001,0.4,318.5
566,1.3,1.9000000000000001,0.5,397.5
567,1.3,1.9000000000000001,0.6000000000000001,385.0
568,1.3,1.9000000000000001,0.7000000000000001,342.0
569,1.3,1.9000000000000001,0.8,402.0
570,1.3,1.9000000000000001,0.9,421.5
571,1.3,1.9000000000000001,1.0,601.5
572,1.3,2.1,0.0,-398.5
573,1.3,2.1,0.1,72.5
574,1.3,2.1,0.2,64.5
575,1.3,2.1,0.30000000000000004,47.0
576,1.3,2.1,0.4,43.0
577,1.3,2.1,0.5,77.5
578,1.3,2.1,0.6000000000000001,89.0
579,1.3,2.1,0.7000000000000001,98.5
580,1.3,2.1,0.8,166.0
581,1.3,2.1,0.9,207.0
582,1.3,2.1,1.0,287.5
583,1.3,2.3,0.0,-398.5
584,1.3,2.3,0.1,72.5
585,1.3,2.3,0.2,64.5
586,1.3,2.3,0.30000000000000004,47.0
587,1.3,2.3,0.4,43.0
588,1.3,2.3,0.5,77.5
589,1.3,2.3,0.6000000000000001,89.0
590,1.3,2.3,0.7000000000000001,98.5
591,1.3,2.3,0.8,166.0
592,1.3,2.3,0.9,207.0
593,1.3,2.3,1.0,287.5
594,1.3,2.5,0.0,-398.5
595,1.3,2.5,0.1,72.5
596,1.3,2.5,0.2,64.5
597,1.3,2.5,0.30000000000000004,47.0
598,1.3,2.5,0.4,43.0
599,1.3,2.5,0.5,77.5
600,1.3,2.5,0.6000000000000001,89.0
601,1.3,2.5,0.7000000000000001,98.5
602,1.3,2.5,0.8,166.0
603,1.3,2.5,0.9,207.0
604,1.3,2.5,1.0,287.5
605,1.5,0.5,0.0,825.0
606,1.5,0.5,0.1,383.5
607,1.5,0.5,0.2,522.5
608,1.5,0.5,0.30000000000000004,584.0
609,1.5,0.5,0.4,671.0
610,1.5,0.5,0.5,619.0
611,1.5,0.5,0.6000000000000001,765.0
612,1.5,0.5,0.7000000000000001,717.0
613,1.5,0.5,0.8,848.5
614,1.5,0.5,0.9,898.0
615,1.5,0.5,1.0,753.5
616,1.5,0.7,0.0,501.5
617,1.5,0.7,0.1,521.5
618,1.5,0.7,0.2,584.0
619,1.5,0.7,0.30000000000000004,518.0
620,1.5,0.7,0.4,468.5
621,1.5,0.7,0.5,576.5
622,1.5,0.7,0.6000000000000001,669.0
623,1.5,0.7,0.7000000000000001,624.5
624,1.5,0.7,0.8,748.0
625,1.5,0.7,0.9,746.5
626,1.5,0.7,1.0,630.5
627,1.5,0.9,0.0,895.0
628,1.5,0.9,0.1,566.5
629,1.5,0.9,0.2,559.5
630,1.5,0.9,0.30000000000000004,484.0
631,1.5,0.9,0.4,392.5
632,1.5,0.9,0.5,495.5
633,1.5,0.9,0.6000000000000001,475.0
634,1.5,0.9,0.7000000000000001,414.5
635,1.5,0.9,0.8,536.0
636,1.5,0.9,0.9,591.5
637,1.5,0.9,1.0,606.0
638,1.5,1.1,0.0,491.0
639,1.5,1.1,0.1,408.0
640,1.5,1.1,0.2,419.0
641,1.5,1.1,0.30000000000000004,393.5
642,1.5,1.1,0.4,348.5
643,1.5,1.1,0.5,462.5
644,1.5,1.1,0.6000000000000001,451.5
645,1.5,1.1,0.7000000000000001,447.5
646,1.5,1.1,0.8,560.0
647,1.5,1.1,0.9,500.0
648,1.5,1.1,1.0,404.5
649,1.5,1.3,0.0,490.5
650,1.5,1.3,0.1,417.0
651,1.5,1.3,0.2,442.5
652,1.5,1.3,0.30000000000000004,417.0
653,1.5,1.3,0.4,372.0
654,1.5,1.3,0.5,492.0
655,1.5,1.3,0.6000000000000001,490.0
656,1.5,1.3,0.7000000000000001,455.0
657,1.5,1.3,0.8,569.0
658,1.5,1.3,0.9,569.5
659,1.5,1.3,1.0,528.0
660,1.5,1.5,0.0,435.0
661,1.5,1.5,0.1,392.5
662,1.5,1.5,0.2,430.0
663,1.5,1.5,0.30000000000000004,404.5
664,1.5,1.5,0.4,359.5
665,1.5,1.5,0.5,484.0
666,1.5,1.5,0.6000000000000001,497.5
667,1.5,1.5,0.7000000000000001,406.0
668,1.5,1.5,0.8,565.0
669,1.5,1.5,0.9,547.0
670,1.5,1.5,1.0,532.5
671,1.5,1.7000000000000002,0.0,450.5
672,1.5,1.7000000000000002,0.1,404.5
673,1.5,1.7000000000000002,0.2,485.0
674,1.5,1.7000000000000002,0.30000000000000004,459.5
675,1.5,1.7000000000000002,0.4,414.5
676,1.5,1.7000000000000002,0.5,525.5
677,1.5,1.7000000000000002,0.6000000000000001,478.5
678,1.5,1.7000000000000002,0.7000000000000001,404.0
679,1.5,1.7000000000000002,0.8,468.0
680,1.5,1.7000000000000002,0.9,424.0
681,1.5,1.7000000000000002,1.0,435.5
682,1.5,1.9000000000000001,0.0,382.0
683,1.5,1.9000000000000001,0.1,383.5
684,1.5,1.9000000000000001,0.2,342.5
685,1.5,1.9000000000000001,0.30000000000000004,329.5
686,1.5,1.9000000000000001,0.4,291.5
687,1.5,1.9000000000000001,0.5,374.0
688,1.5,1.9000000000000001,0.6000000000000001,346.0
689,1.5,1.9000000000000001,0.7000000000000001,283.0
690,1.5,1.9000000000000001,0.8,362.5
691,1.5,1.9000000000000001,0.9,344.0
692,1.5,1.9000000000000001,1.0,406.0
693,1.5,2.1,0.0,-373.0
694,1.5,2.1,0.1,39.5
695,1.5,2.1,0.2,31.5
696,1.5,2.1,0.30000000000000004,20.0
697,1.5,2.1,0.4,16.0
698,1.5,2.1,0.5,54.0
699,1.5,2.1,0.6000000000000001,50.0
700,1.5,2.1,0.7000000000000001,39.5
701,1.5,2.1,0.8,126.5
702,1.5,2.1,0.9,129.5
703,1.5,2.1,1.0,92.0
704,1.5,2.3,0.0,-373.0
705,1.5,2.3,0.1,39.5
706,1.5,2.3,0.2,31.5
707,1.5,2.3,0.30000000000000004,20.0
708,1.5,2.3,0.4,16.0
709,1.5,2.3,0.5,54.0
710,1.5,2.3,0.6000000000000001,50.0
711,1.5,2.3,0.7000000000000001,39.5
712,1.5,2.3,0.8,126.5
713,1.5,2.3,0.9,129.5
714,1.5,2.3,1.0,92.0
715,1.5,2.5,0.0,-373.0
716,1.5,2.5,0.1,39.5
717,1.5,2.5,0.2,31.5
718,1.5,2.5,0.30000000000000004,20.0
719,1.5,2.5,0.4,16.0
720,1.5,2.5,0.5,54.0
721,1.5,2.5,0.6000000000000001,50.0
722,1.5,2.5,0.7000000000000001,39.5
723,1.5,2.5,0.8,126.5
724,1.5,2.5,0.9,129.5
725,1.5,2.5,1.0,92.0
726,1.7000000000000002,0.5,0.0,787.5
727,1.7000000000000002,0.5,0.1,363.0
728,1.7000000000000002,0.5,0.2,502.0
729,1.7000000000000002,0.5,0.30000000000000004,563.5
730,1.7000000000000002,0.5,0.4,650.5
731,1.7000000000000002,0.5,0.5,616.0
732,1.7000000000000002,0.5,0.6000000000000001,762.0
733,1.7000000000000002,0.5,0.7000000000000001,714.0
734,1.7000000000000002,0.5,0.8,843.5
735,1.7000000000000002,0.5,0.9,863.0
736,1.7000000000000002,0.5,1.0,727.5
737,1.7000000000000002,0.7,0.0,464.0
738,1.7000000000000002,0.7,0.1,501.0
739,1.7000000000000002,0.7,0.2,563.5
740,1.7000000000000002,0.7,0.30000000000000004,497.5
741,1.7000000000000002,0.7,0.4,448.0
742,1.7000000000000002,0.7,0.5,573.5
743,1.7000000000000002,0.7,0.6000000000000001,666.0
744,1.7000000000000002,0.7,0.7000000000000001,621.5
745,1.7000000000000002,0.7,0.8,743.0
746,1.7000000000000002,0.7,0.9,711.5
747,1.7000000000000002,0.7,1.0,604.5
748,1.7000000000000002,0.9,0.0,857.5
749,1.7000000000000002,0.9,0.1,546.0
750,1.7000000000000002,0.9,0.2,539.0
751,1.7000000000000002,0.9,0.30000000000000004,463.5
752,1.7000000000000002,0.9,0.4,372.0
753,1.7000000000000002,0.9,0.5,492.5
754,1.7000000000000002,0.9,0.6000000000000001,472.0
755,1.7000000000000002,0.9,0.7000000000000001,411.5
756,1.7000000000000002,0.9,0.8,531.0
757,1.7000000000000002,0.9,0.9,556.5
758,1.7000000000000002,0.9,1.0,580.0
759,1.7000000000000002,1.1,0.0,453.5
760,1.7000000000000002,1.1,0.1,387.5
761,1.7000000000000002,1.1,0.2,398.5
762,1.7000000000000002,1.1,0.30000000000000004,373.0
763,1.7000000000000002,1.1,0.4,328.0
764,1.7000000000000002,1.1,0.5,459.5
765,1.7000000000000002,1.1,0.6000000000000001,448.5
766,1.7000000000000002,1.1,0.7000000000000001,444.5
767,1.7000000000000002,1.1,0.8,555.0
768,1.7000000000000002,1.1,0.9,465.0
769,1.7000000000000002,1.1,1.0,378.5
770,1.7000000000000002,1.3,0.0,453.0
771,1.7000000000000002,1.3,0.1,396.5
772,1.7000000000000002,1.3,0.2,422.0
773,1.7000000000000002,1.3,0.30000000000000004,396.5
774,1.7000000000000002,1.3,0.4,351.5
775,1.7000000000000002,1.3,0.5,489.0
776,1.7000000000000002,1.3,0.6000000000000001,487.0
777,1.7000000000000002,1.3,0.7000000000000001,452.0
778,1.7000000000000002,1.3,0.8,564.0
779,1.7000000000000002,1.3,0.9,534.5
780,1.7000000000000002,1.3,1.0,502.0
781,1.7000000000000002,1.5,0.0,397.5
782,1.7000000000000002,1.5,0.1,372.0
783,1.7000000000000002,1.5,0.2,409.5
784,1.7000000000000002,1.5,0.30000000000000004,384.0
785,1.7000000000000002,1.5,0.4,339.0
786,1.7000000000000002,1.5,0.5,481.0
787,1.7000000000000002,1.5,0.6000000000000001,494.5
788,1.7000000000000002,1.5,0.7000000000000001,403.0
789,1.7000000000000002,1.5,0.8,560.0
790,1.7000000000000002,1.5,0.9,512.0
791,1.7000000000000002,1.5,1.0,506.5
792,1.7000000000000002,1.7000000000000002,0.0,413.0
793,1.7000000000000002,1.7000000000000002,0.1,384.0
794,1.7000000000000002,1.7000000000000002,0.2,464.5
795,1.7000000000000002,1.7000000000000002,0.30000000000000004,439.0
796,1.7000000000000002,1.7000000000000002,0.4,394.0
797,1.7000000000000002,1.7000000000000002,0.5,522.5
798,1.7000000000000002,1.7000000000000002,0.6000000000000001,475.5
799,1.7000000000000002,1.7000000000000002,0.7000000000000001,401.0
800,1.7000000000000002,1.7000000000000002,0.8,463.0
801,1.7000000000000002,1.7000000000000002,0.9,389.0
802,1.7000000000000002,1.7000000000000002,1.0,409.5
803,1.7000000000000002,1.9000000000000001,0.0,344.5
804,1.7000000000000002,1.9000000000000001,0.1,363.0
805,1.7000000000000002,1.9000000000000001,0.2,322.0
806,1.7000000000000002,1.9000000000000001,0.30000000000000004,309.0
807,1.7000000000000002,1.9000000000000001,0.4,271.0
808,1.7000000000000002,1.9000000000000001,0.5,371.0
809,1.7000000000000002,1.9000000000000001,0.6000000000000001,343.0
810,1.7000000000000002,1.9000000000000001,0.7000000000000001,280.0
811,1.7000000000000002,1.9000000000000001,0.8,357.5
812,1.7000000000000002,1.9000000000000001,0.9,309.0
813,1.7000000000000002,1.9000000000000001,1.0,380.0
814,1.7000000000000002,2.1,0.0,-414.5
815,1.7000000000000002,2.1,0.1,19.0
816,1.7000000000000002,2.1,0.2,11.0
817,1.7000000000000002,2.1,0.30000000000000004,-0.5
818,1.7000000000000002,2.1,0.4,-4.5
819,1.7000000000000002,2.1,0.5,51.0
820,1.7000000000000002,2.1,0.6000000000000001,47.0
821,1.7000000000000002,2.1,0.7000000000000001,36.5
822,1.7000000000000002,2.1,0.8,121.5
823,1.7000000000000002,2.1,0.9,94.5
824,1.7000000000000002,2.1,1.0,66.0
825,1.7000000000000002,2.3,0.0,-414.5
826,1.7000000000000002,2.3,0.1,19.0
827,1.7000000000000002,2.3,0.2,11.0
828,1.7000000000000002,2.3,0.30000000000000004,-0.5
829,1.7000000000000002,2.3,0.4,-4.5
830,1.7000000000000002,2.3,0.5,51.0
831,1.7000000000000002,2.3,0.6000000000000001,47.0
832,1.7000000000000002,2.3,0.7000000000000001,36.5
833,1.7000000000000002,2.3,0.8,121.5
834,1.7000000000000002,2.3,0.9,94.5
835,1.7000000000000002,2.3,1.0,66.0
836,1.7000000000000002,2.5,0.0,-414.5
837,1.7000000000000002,2.5,0.1,19.0
838,1.7000000000000002,2.5,0.2,11.0
839,1.7000000000000002,2.5,0.30000000000000004,-0.5
840,1.7000000000000002,2.5,0.4,-4.5
841,1.7000000000000002,2.5,0.5,51.0
842,1.7000000000000002,2.5,0.6000000000000001,47.0
843,1.7000000000000002,2.5,0.7000000000000001,36.5
844,1.7000000000000002,2.5,0.8,121.5
845,1.7000000000000002,2.5,0.9,94.5
846,1.7000000000000002,2.5,1.0,66.0
847,1.9000000000000001,0.5,0.0,825.0
848,1.9000000000000001,0.5,0.1,385.0
849,1.9000000000000001,0.5,0.2,524.0
850,1.9000000000000001,0.5,0.30000000000000004,585.5
851,1.9000000000000001,0.5,0.4,672.5
852,1.9000000000000001,0.5,0.5,648.0
853,1.9000000000000001,0.5,0.6000000000000001,794.0
854,1.9000000000000001,0.5,0.7000000000000001,746.0
855,1.9000000000000001,0.5,0.8,899.5
856,1.9000000000000001,0.5,0.9,919.0
857,1.9000000000000001,0.5,1.0,783.5
858,1.9000000000000001,0.7,0.0,501.5
859,1.9000000000000001,0.7,0.1,523.0
860,1.9000000000000001,0.7,0.2,585.5
861,1.9000000000000001,0.7,0.30000000000000004,519.5
862,1.9000000000000001,0.7,0.4,470.0
863,1.9000000000000001,0.7,0.5,605.5
864,1.9000000000000001,0.7,0.6000000000000001,698.0
865,1.9000000000000001,0.7,0.7000000000000001,653.5
866,1.9000000000000001,0.7,0.8,799.0
867,1.9000000000000001,0.7,0.9,767.5
868,1.9000000000000001,0.7,1.0,660.5
869,1.9000000000000001,0.9,0.0,895.0
870,1.9000000000000001,0.9,0.1,568.0
871,1.9000000000000001,0.9,0.2,561.0
872,1.9000000000000001,0.9,0.30000000000000004,485.5
873,1.9000000000000001,0.9,0.4,394.0
874,1.9000000000000001,0.9,0.5,524.5
875,1.9000000000000001,0.9,0.6000000000000001,504.0
876,1.9000000000000001,0.9,0.7000000000000001,443.5
877,1.9000000000000001,0.9,0.8,587.0
878,1.9000000000000001,0.9,0.9,612.5
879,1.9000000000000001,0.9,1.0,636.0
880,1.9000000000000001,1.1,0.0,491.0
881,1.9000000000000001,1.1,0.1,409.5
882,1.9000000000000001,1.1,0.2,420.5
883,1.9000000000000001,1.1,0.30000000000000004,395.0
884,1.9000000000000001,1.1,0.4,350.0
885,1.9000000000000001,1.1,0.5,491.5
886,1.9000000000000001,1.1,0.6000000000000001,480.5
887,1.9000000000000001,1.1,0.7000000000000001,476.5
888,1.9000000000000001,1.1,0.8,611.0
889,1.9000000000000001,1.1,0.9,521.0
890,1.9000000000000001,1.1,1.0,434.5
891,1.9000000000000001,1.3,0.0,490.5
892,1.9000000000000001,1.3,0.1,418.5
893,1.9000000000000001,1.3,0.2,444.0
894,1.9000000000000001,1.3,0.30000000000000004,418.5
895,1.9000000000000001,1.3,0.4,373.5
896,1.9000000000000001,1.3,0.5,521.0
897,1.9000000000000001,1.3,0.6000000000000001,519.0
898,1.9000000000000001,1.3,0.7000000000000001,484.0
899,1.9000000000000001,1.3,0.8,620.0
900,1.9000000000000001,1.3,0.9,590.5
901,1.9000000000000001,1.3,1.0,558.0
902,1.9000000000000001,1.5,0.0,435.0
903,1.9000000000000001,1.5,0.1,394.0
904,1.9000000000000001,1.5,0.2,431.5
905,1.9000000000000001,1.5,0.30000000000000004,406.0
906,1.9000000000000001,1.5,0.4,361.0
907,1.9000000000000001,1.5,0.5,513.0
908,1.9000000000000001,1.5,0.6000000000000001,526.5
909,1.9000000000000001,1.5,0.7000000000000001,435.0
910,1.9000000000000001,1.5,0.8,616.0
911,1.9000000000000001,1.5,0.9,568.0
912,1.9000000000000001,1.5,1.0,562.5
913,1.9000000000000001,1.7000000000000002,0.0,450.5
914,1.9000000000000001,1.7000000000000002,0.1,406.0
915,1.9000000000000001,1.7000000000000002,0.2,486.5
916,1.9000000000000001,1.7000000000000002,0.30000000000000004,461.0
917,1.9000000000000001,1.7000000000000002,0.4,416.0
918,1.9000000000000001,1.7000000000000002,0.5,554.5
919,1.9000000000000001,1.7000000000000002,0.6000000000000001,507.5
920,1.9000000000000001,1.7000000000000002,0.7000000000000001,433.0
921,1.9000000000000001,1.7000000000000002,0.8,519.0
922,1.9000000000000001,1.7000000000000002,0.9,445.0
923,1.9000000000000001,1.7000000000000002,1.0,465.5
924,1.9000000000000001,1.9000000000000001,0.0,382.0
925,1.9000000000000001,1.9000000000000001,0.1,385.0
926,1.9000000000000001,1.9000000000000001,0.2,344.0
927,1.9000000000000001,1.9000000000000001,0.30000000000000004,331.0
928,1.9000000000000001,1.9000000000000001,0.4,293.0
929,1.9000000000000001,1.9000000000000001,0.5,403.0
930,1.9000000000000001,1.9000000000000001,0.6000000000000001,375.0
931,1.9000000000000001,1.9000000000000001,0.7000000000000001,312.0
932,1.9000000000000001,1.9000000000000001,0.8,413.5
933,1.9000000000000001,1.9000000000000001,0.9,365.0
934,1.9000000000000001,1.9000000000000001,1.0,436.0
935,1.9000000000000001,2.1,0.0,-399.0
936,1.9000000000000001,2.1,0.1,41.0
937,1.9000000000000001,2.1,0.2,33.0
938,1.9000000000000001,2.1,0.30000000000000004,21.5
939,1.9000000000000001,2.1,0.4,17.5
940,1.9000000000000001,2.1,0.5,83.0
941,1.9000000000000001,2.1,0.6000000000000001,79.0
942,1.9000000000000001,2.1,0.7000000000000001,68.5
943,1.9000000000000001,2.1,0.8,177.5
944,1.9000000000000001,2.1,0.9,150.5
945,1.9000000000000001,2.1,1.0,122.0
946,1.9000000000000001,2.3,0.0,-399.0
947,1.9000000000000001,2.3,0.1,41.0
948,1.9000000000000001,2.3,0.2,33.0
949,1.9000000000000001,2.3,0.30000000000000004,21.5
950,1.9000000000000001,2.3,0.4,17.5
951,1.9000000000000001,2.3,0.5,83.0
952,1.9000000000000001,2.3,0.6000000000000001,79.0
953,1.9000000000000001,2.3,0.7000000000000001,68.5
954,1.9000000000000001,2.3,0.8,177.5
955,1.9000000000000001,2.3,0.9,150.5
956,1.9000000000000001,2.3,1.0,122.0
957,1.9000000000000001,2.5,0.0,-399.0
958,1.9000000000000001,2.5,0.1,41.0
959,1.9000000000000001,2.5,0.2,33.0
960,1.9000000000000001,2.5,0.30000000000000004,21.5
961,1.9000000000000001,2.5,0.4,17.5
962,1.9000000000000001,2.5,0.5,83.0
963,1.9000000000000001,2.5,0.6000000000000001,79.0
964,1.9000000000000001,2.5,0.7000000000000001,68.5
965,1.9000000000000001,2.5,0.8,177.5
966,1.9000000000000001,2.5,0.9,150.5
967,1.9000000000000001,2.5,1.0,122.0
968,2.1,0.5,0.0,924.0
969,2.1,0.5,0.1,431.0
970,2.1,0.5,0.2,570.0
971,2.1,0.5,0.30000000000000004,631.5
972,2.1,0.5,0.4,718.5
973,2.1,0.5,0.5,631.5
974,2.1,0.5,0.6000000000000001,771.0
975,2.1,0.5,0.7000000000000001,722.5
976,2.1,0.5,0.8,896.0
977,2.1,0.5,0.9,927.0
978,2.1,0.5,1.0,789.0
979,2.1,0.7,0.0,600.5
980,2.1,0.7,0.1,569.0
981,2.1,0.7,0.2,631.5
982,2.1,0.7,0.30000000000000004,565.5
983,2.1,0.7,0.4,516.0
984,2.1,0.7,0.5,589.0
985,2.1,0.7,0.6000000000000001,675.0
986,2.1,0.7,0.7000000000000001,630.0
987,2.1,0.7,0.8,795.5
988,2.1,0.7,0.9,775.5
989,2.1,0.7,1.0,666.0
990,2.1,0.9,0.0,994.0
991,2.1,0.9,0.1,614.0
992,2.1,0.9,0.2,607.0
993,2.1,0.9,0.30000000000000004,531.5
994,2.1,0.9,0.4,440.0
995,2.1,0.9,0.5,508.0
996,2.1,0.9,0.6000000000000001,481.0
997,2.1,0.9,0.7000000000000001,420.0
998,2.1,0.9,0.8,583.5
999,2.1,0.9,0.9,620.5
1000,2.1,0.9,1.0,641.5
1001,2.1,1.1,0.0,590.0
1002,2.1,1.1,0.1,455.5
1003,2.1,1.1,0.2,466.5
1004,2.1,1.1,0.30000000000000004,441.0
1005,2.1,1.1,0.4,396.0
1006,2.1,1.1,0.5,475.0
1007,2.1,1.1,0.6000000000000001,457.5
1008,2.1,1.1,0.7000000000000001,453.0
1009,2.1,1.1,0.8,607.5
1010,2.1,1.1,0.9,529.0
1011,2.1,1.1,1.0,440.0
1012,2.1,1.3,0.0,589.5
1013,2.1,1.3,0.1,464.5
1014,2.1,1.3,0.2,490.0
1015,2.1,1.3,0.30000000000000004,464.5
1016,2.1,1.3,0.4,419.5
1017,2.1,1.3,0.5,504.5
1018,2.1,1.3,0.6000000000000001,496.0
1019,2.1,1.3,0.7000000000000001,460.5
1020,2.1,1.3,0.8,616.5
1021,2.1,1.3,0.9,598.5
1022,2.1,1.3,1.0,563.5
1023,2.1,1.5,0.0,534.0
1024,2.1,1.5,0.1,440.0
1025,2.1,1.5,0.2,477.5
1026,2.1,1.5,0.30000000000000004,452.0
1027,2.1,1.5,0.4,407.0
1028,2.1,1.5,0.5,496.5
1029,2.1,1.5,0.6000000000000001,503.5
1030,2.1,1.5,0.7000000000000001,411.5
1031,2.1,1.5,0.8,612.5
1032,2.1,1.5,0.9,576.0
1033,2.1,1.5,1.0,568.0
1034,2.1,1.7000000000000002,0.0,549.5
1035,2.1,1.7000000000000002,0.1,452.0
1036,2.1,1.7000000000000002,0.2,532.5
1037,2.1,1.7000000000000002,0.30000000000000004,507.0
1038,2.1,1.7000000000000002,0.4,462.0
1039,2.1,1.7000000000000002,0.5,538.0
1040,2.1,1.7000000000000002,0.6000000000000001,484.5
1041,2.1,1.7000000000000002,0.7000000000000001,409.5
1042,2.1,1.7000000000000002,0.8,515.5
1043,2.1,1.7000000000000002,0.9,453.0
1044,2.1,1.7000000000000002,1.0,471.0
1045,2.1,1.9000000000000001,0.0,481.0
1046,2.1,1.9000000000000001,0.1,431.0
1047,2.1,1.9000000000000001,0.2,390.0
1048,2.1,1.9000000000000001,0.30000000000000004,377.0
1049,2.1,1.9000000000000001,0.4,339.0
1050,2.1,1.9000000000000001,0.5,386.5
1051,2.1,1.9000000000000001,0.6000000000000001,352.0
1052,2.1,1.9000000000000001,0.7000000000000001,288.5
1053,2.1,1.9000000000000001,0.8,410.0
1054,2.1,1.9000000000000001,0.9,373.0
1055,2.1,1.9000000000000001,1.0,441.5
1056,2.1,2.1,0.0,-364.5
1057,2.1,2.1,0.1,87.0
1058,2.1,2.1,0.2,79.0
1059,2.1,2.1,0.30000000000000004,67.5
1060,2.1,2.1,0.4,63.5
1061,2.1,2.1,0.5,66.5
1062,2.1,2.1,0.6000000000000001,56.0
1063,2.1,2.1,0.7000000000000001,45.0
1064,2.1,2.1,0.8,174.0
1065,2.1,2.1,0.9,158.5
1066,2.1,2.1,1.0,127.5
1067,2.1,2.3,0.0,-364.5
1068,2.1,2.3,0.1,87.0
1069,2.1,2.3,0.2,79.0
1070,2.1,2.3,0.30000000000000004,67.5
1071,2.1,2.3,0.4,63.5
1072,2.1,2.3,0.5,66.5
1073,2.1,2.3,0.6000000000000001,56.0
1074,2.1,2.3,0.7000000000000001,45.0
1075,2.1,2.3,0.8,174.0
1076,2.1,2.3,0.9,158.5
1077,2.1,2.3,1.0,127.5
1078,2.1,2.5,0.0,-364.5
1079,2.1,2.5,0.1,87.0
1080,2.1,2.5,0.2,79.0
1081,2.1,2.5,0.30000000000000004,67.5
1082,2.1,2.5,0.4,63.5
1083,2.1,2.5,0.5,66.5
1084,2.1,2.5,0.6000000000000001,56.0
1085,2.1,2.5,0.7000000000000001,45.0
1086,2.1,2.5,0.8,174.0
1087,2.1,2.5,0.9,158.5
1088,2.1,2.5,1.0,127.5
1089,2.3,0.5,0.0,593.5
1090,2.3,0.5,0.1,420.0
1091,2.3,0.5,0.2,557.0
1092,2.3,0.5,0.30000000000000004,627.0
1093,2.3,0.5,0.4,708.5
1094,2.3,0.5,0.5,623.5
1095,2.3,0.5,0.6000000000000001,764.0
1096,2.3,0.5,0.7000000000000001,708.5
1097,2.3,0.5,0.8,801.0
1098,2.3,0.5,0.9,829.5
1099,2.3,0.5,1.0,713.5
1100,2.3,0.7,0.0,307.0
1101,2.3,0.7,0.1,558.0
1102,2.3,0.7,0.2,618.5
1103,2.3,0.7,0.30000000000000004,561.0
1104,2.3,0.7,0.4,506.0
1105,2.3,0.7,0.5,581.0
1106,2.3,0.7,0.6000000000000001,668.0
1107,2.3,0.7,0.7000000000000001,616.0
1108,2.3,0.7,0.8,700.5
1109,2.3,0.7,0.9,678.0
1110,2.3,0.7,1.0,590.5
1111,2.3,0.9,0.0,514.0
1112,2.3,0.9,0.1,603.0
1113,2.3,0.9,0.2,594.0
1114,2.3,0.9,0.30000000000000004,527.0
1115,2.3,0.9,0.4,430.0
1116,2.3,0.9,0.5,500.0
1117,2.3,0.9,0.6000000000000001,474.0
1118,2.3,0.9,0.7000000000000001,406.0
1119,2.3,0.9,0.8,488.5
1120,2.3,0.9,0.9,523.0
1121,2.3,0.9,1.0,566.0
1122,2.3,1.1,0.0,480.5
1123,2.3,1.1,0.1,444.5
1124,2.3,1.1,0.2,453.5
1125,2.3,1.1,0.30000000000000004,436.5
1126,2.3,1.1,0.4,386.0
1127,2.3,1.1,0.5,467.0
1128,2.3,1.1,0.6000000000000001,450.5
1129,2.3,1.1,0.7000000000000001,439.0
1130,2.3,1.1,0.8,512.5
1131,2.3,1.1,0.9,431.5
1132,2.3,1.1,1.0,364.5
1133,2.3,1.3,0.0,480.0
1134,2.3,1.3,0.1,453.5
1135,2.3,1.3,0.2,477.0
1136,2.3,1.3,0.30000000000000004,460.0
1137,2.3,1.3,0.4,409.5
1138,2.3,1.3,0.5,496.5
1139,2.3,1.3,0.6000000000000001,489.0
1140,2.3,1.3,0.7000000000000001,446.5
1141,2.3,1.3,0.8,521.5
1142,2.3,1.3,0.9,501.0
1143,2.3,1.3,1.0,488.0
1144,2.3,1.5,0.0,424.5
1145,2.3,1.5,0.1,429.0
1146,2.3,1.5,0.2,464.5
1147,2.3,1.5,0.30000000000000004,447.5
1148,2.3,1.5,0.4,397.0
1149,2.3,1.5,0.5,488.5
1150,2.3,1.5,0.6000000000000001,496.5
1151,2.3,1.5,0.7000000000000001,397.5
1152,2.3,1.5,0.8,517.5
1153,2.3,1.5,0.9,478.5
1154,2.3,1.5,1.0,492.5
1155,2.3,1.7000000000000002,0.0,440.0
1156,2.3,1.7000000000000002,0.1,441.0
1157,2.3,1.7000000000000002,0.2,519.5
1158,2.3,1.7000000000000002,0.30000000000000004,502.5
1159,2.3,1.7000000000000002,0.4,452.0
1160,2.3,1.7000000000000002,0.5,530.0
1161,2.3,1.7000000000000002,0.6000000000000001,477.5
1162,2.3,1.7000000000000002,0.7000000000000001,395.5
1163,2.3,1.7000000000000002,0.8,420.5
1164,2.3,1.7000000000000002,0.9,355.5
1165,2.3,1.7000000000000002,1.0,395.5
1166,2.3,1.9000000000000001,0.0,371.5
1167,2.3,1.9000000000000001,0.1,420.0
1168,2.3,1.9000000000000001,0.2,377.0
1169,2.3,1.9000000000000001,0.30000000000000004,372.5
1170,2.3,1.9000000000000001,0.4,329.0
1171,2.3,1.9000000000000001,0.5,378.5
1172,2.3,1.9000000000000001,0.6000000000000001,345.0
1173,2.3,1.9000000000000001,0.7000000000000001,274.5
1174,2.3,1.9000000000000001,0.8,315.0
1175,2.3,1.9000000000000001,0.9,275.5
1176,2.3,1.9000000000000001,1.0,366.0
1177,2.3,2.1,0.0,-323.0
1178,2.3,2.1,0.1,76.0
1179,2.3,2.1,0.2,66.0
1180,2.3,2.1,0.30000000000000004,63.0
1181,2.3,2.1,0.4,53.5
1182,2.3,2.1,0.5,58.5
1183,2.3,2.1,0.6000000000000001,49.0
1184,2.3,2.1,0.7000000000000001,31.0
1185,2.3,2.1,0.8,79.0
1186,2.3,2.1,0.9,61.0
1187,2.3,2.1,1.0,52.0
1188,2.3,2.3,0.0,-323.0
1189,2.3,2.3,0.1,76.0
1190,2.3,2.3,0.2,66.0
1191,2.3,2.3,0.30000000000000004,63.0
1192,2.3,2.3,0.4,53.5
1193,2.3,2.3,0.5,58.5
1194,2.3,2.3,0.6000000000000001,49.0
1195,2.3,2.3,0.7000000000000001,31.0
1196,2.3,2.3,0.8,79.0
1197,2.3,2.3,0.9,61.0
1198,2.3,2.3,1.0,52.0
1199,2.3,2.5,0.0,-323.0
1200,2.3,2.5,0.1,76.0
1201,2.3,2.5,0.2,66.0
1202,2.3,2.5,0.30000000000000004,63.0
1203,2.3,2.5,0.4,53.5
1204,2.3,2.5,0.5,58.5
1205,2.3,2.5,0.6000000000000001,49.0
1206,2.3,2.5,0.7000000000000001,31.0
1207,2.3,2.5,0.8,79.0
1208,2.3,2.5,0.9,61.0
1209,2.3,2.5,1.0,52.0
1210,2.5,0.5,0.0,636.0
1211,2.5,0.5,0.1,428.5
1212,2.5,0.5,0.2,565.5
1213,2.5,0.5,0.30000000000000004,635.5
1214,2.5,0.5,0.4,717.0
1215,2.5,0.5,0.5,632.0
1216,2.5,0.5,0.6000000000000001,772.5
1217,2.5,0.5,0.7000000000000001,717.0
1218,2.5,0.5,0.8,809.5
1219,2.5,0.5,0.9,838.0
1220,2.5,0.5,1.0,722.0
1221,2.5,0.7,0.0,349.5
1222,2.5,0.7,0.1,566.5
1223,2.5,0.7,0.2,627.0
1224,2.5,0.7,0.30000000000000004,569.5
1225,2.5,0.7,0.4,514.5
1226,2.5,0.7,0.5,589.5
1227,2.5,0.7,0.6000000000000001,676.5
1228,2.5,0.7,0.7000000000000001,624.5
1229,2.5,0.7,0.8,709.0
1230,2.5,0.7,0.9,686.5
1231,2.5,0.7,1.0,599.0
1232,2.5,0.9,0.0,556.5
1233,2.5,0.9,0.1,611.5
1234,2.5,0.9,0.2,602.5
1235,2.5,0.9,0.30000000000000004,535.5
1236,2.5,0.9,0.4,438.5
1237,2.5,0.9,0.5,508.5
1238,2.5,0.9,0.6000000000000001,482.5
1239,2.5,0.9,0.7000000000000001,414.5
1240,2.5,0.9,0.8,497.0
1241,2.5,0.9,0.9,531.5
1242,2.5,0.9,1.0,574.5
1243,2.5,1.1,0.0,523.0
1244,2.5,1.1,0.1,453.0
1245,2.5,1.1,0.2,462.0
1246,2.5,1.1,0.30000000000000004,445.0
1247,2.5,1.1,0.4,394.5
1248,2.5,1.1,0.5,475.5
1249,2.5,1.1,0.6000000000000001,459.0
1250,2.5,1.1,0.7000000000000001,447.5
1251,2.5,1.1,0.8,521.0
1252,2.5,1.1,0.9,440.0
1253,2.5,1.1,1.0,373.0
1254,2.5,1.3,0.0,522.5
1255,2.5,1.3,0.1,462.0
1256,2.5,1.3,0.2,485.5
1257,2.5,1.3,0.30000000000000004,468.5
1258,2.5,1.3,0.4,418.0
1259,2.5,1.3,0.5,505.0
1260,2.5,1.3,0.6000000000000001,497.5
1261,2.5,1.3,0.7000000000000001,455.0
1262,2.5,1.3,0.8,530.0
1263,2.5,1.3,0.9,509.5
1264,2.5,1.3,1.0,496.5
1265,2.5,1.5,0.0,467.0
1266,2.5,1.5,0.1,437.5
1267,2.5,1.5,0.2,473.0
1268,2.5,1.5,0.30000000000000004,456.0
1269,2.5,1.5,0.4,405.5
1270,2.5,1.5,0.5,497.0
1271,2.5,1.5,0.6000000000000001,505.0
1272,2.5,1.5,0.7000000000000001,406.0
1273,2.5,1.5,0.8,526.0
1274,2.5,1.5,0.9,487.0
1275,2.5,1.5,1.0,501.0
1276,2.5,1.7000000000000002,0.0,482.5
1277,2.5,1.7000000000000002,0.1,449.5
1278,2.5,1.7000000000000002,0.2,528.0
1279,2.5,1.7000000000000002,0.30000000000000004,511.0
1280,2.5,1.7000000000000002,0.4,460.5
1281,2.5,1.7000000000000002,0.5,538.5
1282,2.5,1.7000000000000002,0.6000000000000001,486.0
1283,2.5,1.7000000000000002,0.7000000000000001,404.0
1284,2.5,1.7000000000000002,0.8,429.0
1285,2.5,1.7000000000000002,0.9,364.0
1286,2.5,1.7000000000000002,1.0,404.0
1287,2.5,1.9000000000000001,0.0,414.0
1288,2.5,1.9000000000000001,0.1,428.5
1289,2.5,1.9000000000000001,0.2,385.5
1290,2.5,1.9000000000000001,0.30000000000000004,381.0
1291,2.5,1.9000000000000001,0.4,337.5
1292,2.5,1.9000000000000001,0.5,387.0
1293,2.5,1.9000000000000001,0.6000000000000001,353.5
1294,2.5,1.9000000000000001,0.7000000000000001,283.0
1295,2.5,1.9000000000000001,0.8,323.5
1296,2.5,1.9000000000000001,0.9,284.0
1297,2.5,1.9000000000000001,1.0,374.5
1298,2.5,2.1,0.0,-314.5
1299,2.5,2.1,0.1,84.5
1300,2.5,2.1,0.2,74.5
1301,2.5,2.1,0.30000000000000004,71.5
1302,2.5,2.1,0.4,62.0
1303,2.5,2.1,0.5,67.0
1304,2.5,2.1,0.6000000000000001,57.5
1305,2.5,2.1,0.7000000000000001,39.5
1306,2.5,2.1,0.8,87.5
1307,2.5,2.1,0.9,69.5
1308,2.5,2.1,1.0,60.5
1309,2.5,2.3,0.0,-314.5
1310,2.5,2.3,0.1,84.5
1311,2.5,2.3,0.2,74.5
1312,2.5,2.3,0.30000000000000004,71.5
1313,2.5,2.3,0.4,62.0
1314,2.5,2.3,0.5,67.0
1315,2.5,2.3,0.6000000000000001,57.5
1316,2.5,2.3,0.7000000000000001,39.5
1317,2.5,2.3,0.8,87.5
1318,2.5,2.3,0.9,69.5
1319,2.5,2.3,1.0,60.5
1320,2.5,2.5,0.0,-314.5
1321,2.5,2.5,0.1,84.5
1322,2.5,2.5,0.2,74.5
1323,2.5,2.5,0.30000000000000004,71.5
1324,2.5,2.5,0.4,62.0
1325,2.5,2.5,0.5,67.0
1326,2.5,2.5,0.6000000000000001,57.5
1327,2.5,2.5,0.7000000000000001,39.5
1328,2.5,2.5,0.8,87.5
1329,2.5,2.5,0.9,69.5
1330,2.5,2.5,1.0,60.5
