,window,entry_z,exit_z,pnl
0,5,0.5,0.1,2813924.0
1,5,0.5,0.2142857142857143,2782712.0
2,5,0.5,0.3285714285714286,2731654.5
3,5,0.5,0.44285714285714284,2672840.0
4,5,0.5,0.5571428571428572,2619135.0
5,5,0.5,0.6714285714285715,2565820.5
6,5,0.5,0.7857142857142857,2510054.0
7,5,0.5,0.9,2475121.0
8,5,0.7,0.1,2610241.0
9,5,0.7,0.2142857142857143,2584315.0
10,5,0.7,0.3285714285714286,2546793.0
11,5,0.7,0.44285714285714284,2507060.0
12,5,0.7,0.5571428571428572,2462530.5
13,5,0.7,0.6714285714285715,2417608.5
14,5,0.7,0.7857142857142857,2370148.0
15,5,0.7,0.9,2341638.5
16,5,0.9,0.1,2334055.0
17,5,0.9,0.2142857142857143,2310279.5
18,5,0.9,0.3285714285714286,2278757.5
19,5,0.9,0.44285714285714284,2250214.0
20,5,0.9,0.5571428571428572,2219223.5
21,5,0.9,0.6714285714285715,2191232.0
22,5,0.9,0.7857142857142857,2150700.5
23,5,0.9,0.9,2126989.0
24,5,1.1,0.1,1777861.5
25,5,1.1,0.2142857142857143,1750176.0
26,5,1.1,0.3285714285714286,1717995.0
27,5,1.1,0.44285714285714284,1689135.5
28,5,1.1,0.5571428571428572,1658327.5
29,5,1.1,0.6714285714285715,1640981.5
30,5,1.1,0.7857142857142857,1624540.5
31,5,1.1,0.9,1606546.0
32,5,1.3,0.1,1463379.5
33,5,1.3,0.2142857142857143,1436753.5
34,5,1.3,0.3285714285714286,1404895.0
35,5,1.3,0.44285714285714284,1383410.5
36,5,1.3,0.5571428571428572,1361148.5
37,5,1.3,0.6714285714285715,1351740.0
38,5,1.3,0.7857142857142857,1341256.5
39,5,1.3,0.9,1331138.0
40,5,1.5,0.1,1031120.0
41,5,1.5,0.2142857142857143,1007700.0
42,5,1.5,0.3285714285714286,984738.0
43,5,1.5,0.44285714285714284,972989.0
44,5,1.5,0.5571428571428572,960871.5
45,5,1.5,0.6714285714285715,953852.0
46,5,1.5,0.7857142857142857,945544.5
47,5,1.5,0.9,940277.5
48,5,1.7000000000000002,0.1,292794.5
49,5,1.7000000000000002,0.2142857142857143,286809.5
50,5,1.7000000000000002,0.3285714285714286,280036.0
51,5,1.7000000000000002,0.44285714285714284,274978.0
52,5,1.7000000000000002,0.5571428571428572,268968.5
53,5,1.7000000000000002,0.6714285714285715,266378.0
54,5,1.7000000000000002,0.7857142857142857,262146.5
55,5,1.7000000000000002,0.9,258397.5
56,5,1.9000000000000001,0.1,0.0
57,5,1.9000000000000001,0.2142857142857143,0.0
58,5,1.9000000000000001,0.3285714285714286,0.0
59,5,1.9000000000000001,0.44285714285714284,0.0
60,5,1.9000000000000001,0.5571428571428572,0.0
61,5,1.9000000000000001,0.6714285714285715,0.0
62,5,1.9000000000000001,0.7857142857142857,0.0
63,5,1.9000000000000001,0.9,0.0
64,5,2.1,0.1,0.0
65,5,2.1,0.2142857142857143,0.0
66,5,2.1,0.3285714285714286,0.0
67,5,2.1,0.44285714285714284,0.0
68,5,2.1,0.5571428571428572,0.0
69,5,2.1,0.6714285714285715,0.0
70,5,2.1,0.7857142857142857,0.0
71,5,2.1,0.9,0.0
72,5,2.3,0.1,0.0
73,5,2.3,0.2142857142857143,0.0
74,5,2.3,0.3285714285714286,0.0
75,5,2.3,0.44285714285714284,0.0
76,5,2.3,0.5571428571428572,0.0
77,5,2.3,0.6714285714285715,0.0
78,5,2.3,0.7857142857142857,0.0
79,5,2.3,0.9,0.0
80,5,2.5,0.1,0.0
81,5,2.5,0.2142857142857143,0.0
82,5,2.5,0.3285714285714286,0.0
83,5,2.5,0.44285714285714284,0.0
84,5,2.5,0.5571428571428572,0.0
85,5,2.5,0.6714285714285715,0.0
86,5,2.5,0.7857142857142857,0.0
87,5,2.5,0.9,0.0
88,7,0.5,0.1,2949811.0
89,7,0.5,0.2142857142857143,2928955.0
90,7,0.5,0.3285714285714286,2890872.5
91,7,0.5,0.44285714285714284,2828206.5
92,7,0.5,0.5571428571428572,2765643.0
93,7,0.5,0.6714285714285715,2697976.5
94,7,0.5,0.7857142857142857,2645504.0
95,7,0.5,0.9,2598647.5
96,7,0.7,0.1,2698521.5
97,7,0.7,0.2142857142857143,2677897.5
98,7,0.7,0.3285714285714286,2645843.5
99,7,0.7,0.44285714285714284,2598044.5
100,7,0.7,0.5571428571428572,2552470.0
101,7,0.7,0.6714285714285715,2492616.0
102,7,0.7,0.7857142857142857,2440461.0
103,7,0.7,0.9,2394504.5
104,7,0.9,0.1,2390783.0
105,7,0.9,0.2142857142857143,2369419.5
106,7,0.9,0.3285714285714286,2339236.5
107,7,0.9,0.44285714285714284,2298416.5
108,7,0.9,0.5571428571428572,2260654.5
109,7,0.9,0.6714285714285715,2221335.5
110,7,0.9,0.7857142857142857,2182220.0
111,7,0.9,0.9,2144586.0
112,7,1.1,0.1,2008299.0
113,7,1.1,0.2142857142857143,1986078.5
114,7,1.1,0.3285714285714286,1955075.5
115,7,1.1,0.44285714285714284,1921077.5
116,7,1.1,0.5571428571428572,1887571.0
117,7,1.1,0.6714285714285715,1854040.5
118,7,1.1,0.7857142857142857,1830071.5
119,7,1.1,0.9,1803577.5
120,7,1.3,0.1,1597646.5
121,7,1.3,0.2142857142857143,1577924.5
122,7,1.3,0.3285714285714286,1549142.0
123,7,1.3,0.44285714285714284,1517928.0
124,7,1.3,0.5571428571428572,1487439.5
125,7,1.3,0.6714285714285715,1458462.5
126,7,1.3,0.7857142857142857,1442089.0
127,7,1.3,0.9,1424892.5
128,7,1.5,0.1,1042268.5
129,7,1.5,0.2142857142857143,1024504.0
130,7,1.5,0.3285714285714286,999812.0
131,7,1.5,0.44285714285714284,973536.5
132,7,1.5,0.5571428571428572,951012.5
133,7,1.5,0.6714285714285715,929548.5
134,7,1.5,0.7857142857142857,918685.0
135,7,1.5,0.9,908081.0
136,7,1.7000000000000002,0.1,790049.5
137,7,1.7000000000000002,0.2142857142857143,777842.5
138,7,1.7000000000000002,0.3285714285714286,757761.0
139,7,1.7000000000000002,0.44285714285714284,737989.5
140,7,1.7000000000000002,0.5571428571428572,720963.0
141,7,1.7000000000000002,0.6714285714285715,707332.0
142,7,1.7000000000000002,0.7857142857142857,701006.0
143,7,1.7000000000000002,0.9,697173.5
144,7,1.9000000000000001,0.1,486898.0
145,7,1.9000000000000001,0.2142857142857143,478261.0
146,7,1.9000000000000001,0.3285714285714286,465065.5
147,7,1.9000000000000001,0.44285714285714284,453767.5
148,7,1.9000000000000001,0.5571428571428572,444002.0
149,7,1.9000000000000001,0.6714285714285715,437546.0
150,7,1.9000000000000001,0.7857142857142857,435051.5
151,7,1.9000000000000001,0.9,433781.5
152,7,2.1,0.1,92326.0
153,7,2.1,0.2142857142857143,90008.5
154,7,2.1,0.3285714285714286,86455.0
155,7,2.1,0.44285714285714284,85203.0
156,7,2.1,0.5571428571428572,83736.0
157,7,2.1,0.6714285714285715,82397.0
158,7,2.1,0.7857142857142857,81422.0
159,7,2.1,0.9,81002.0
160,7,2.3,0.1,0.0
161,7,2.3,0.2142857142857143,0.0
162,7,2.3,0.3285714285714286,0.0
163,7,2.3,0.44285714285714284,0.0
164,7,2.3,0.5571428571428572,0.0
165,7,2.3,0.6714285714285715,0.0
166,7,2.3,0.7857142857142857,0.0
167,7,2.3,0.9,0.0
168,7,2.5,0.1,0.0
169,7,2.5,0.2142857142857143,0.0
170,7,2.5,0.3285714285714286,0.0
171,7,2.5,0.44285714285714284,0.0
172,7,2.5,0.5571428571428572,0.0
173,7,2.5,0.6714285714285715,0.0
174,7,2.5,0.7857142857142857,0.0
175,7,2.5,0.9,0.0
176,10,0.5,0.1,3047093.0
177,10,0.5,0.2142857142857143,3027569.0
178,10,0.5,0.3285714285714286,2991240.0
179,10,0.5,0.44285714285714284,2933775.5
180,10,0.5,0.5571428571428572,2867963.0
181,10,0.5,0.6714285714285715,2800024.5
182,10,0.5,0.7857142857142857,2740465.0
183,10,0.5,0.9,2684358.0
184,10,0.7,0.1,2803123.5
185,10,0.7,0.2142857142857143,2782732.5
186,10,0.7,0.3285714285714286,2748943.5
187,10,0.7,0.44285714285714284,2699589.5
188,10,0.7,0.5571428571428572,2651874.0
189,10,0.7,0.6714285714285715,2592452.5
190,10,0.7,0.7857142857142857,2532267.0
191,10,0.7,0.9,2479787.5
192,10,0.9,0.1,2468027.0
193,10,0.9,0.2142857142857143,2444177.0
194,10,0.9,0.3285714285714286,2413261.5
195,10,0.9,0.44285714285714284,2369010.0
196,10,0.9,0.5571428571428572,2326050.5
197,10,0.9,0.6714285714285715,2285185.0
198,10,0.9,0.7857142857142857,2241644.5
199,10,0.9,0.9,2195680.0
200,10,1.1,0.1,2103994.0
201,10,1.1,0.2142857142857143,2078788.5
202,10,1.1,0.3285714285714286,2049801.5
203,10,1.1,0.44285714285714284,2011930.5
204,10,1.1,0.5571428571428572,1974698.5
205,10,1.1,0.6714285714285715,1940874.5
206,10,1.1,0.7857142857142857,1908600.5
207,10,1.1,0.9,1884497.5
208,10,1.3,0.1,1743108.5
209,10,1.3,0.2142857142857143,1715254.0
210,10,1.3,0.3285714285714286,1687950.5
211,10,1.3,0.44285714285714284,1651941.5
212,10,1.3,0.5571428571428572,1619577.5
213,10,1.3,0.6714285714285715,1592007.0
214,10,1.3,0.7857142857142857,1567492.0
215,10,1.3,0.9,1549817.5
216,10,1.5,0.1,1341836.5
217,10,1.5,0.2142857142857143,1315939.0
218,10,1.5,0.3285714285714286,1292729.5
219,10,1.5,0.44285714285714284,1264144.0
220,10,1.5,0.5571428571428572,1238500.0
221,10,1.5,0.6714285714285715,1219545.5
222,10,1.5,0.7857142857142857,1202916.0
223,10,1.5,0.9,1192215.0
224,10,1.7000000000000002,0.1,829952.5
225,10,1.7000000000000002,0.2142857142857143,813393.0
226,10,1.7000000000000002,0.3285714285714286,801791.0
227,10,1.7000000000000002,0.44285714285714284,788475.0
228,10,1.7000000000000002,0.5571428571428572,771852.0
229,10,1.7000000000000002,0.6714285714285715,757745.0
230,10,1.7000000000000002,0.7857142857142857,747837.0
231,10,1.7000000000000002,0.9,741349.0
232,10,1.9000000000000001,0.1,403106.0
233,10,1.9000000000000001,0.2142857142857143,399813.0
234,10,1.9000000000000001,0.3285714285714286,395463.0
235,10,1.9000000000000001,0.44285714285714284,388133.5
236,10,1.9000000000000001,0.5571428571428572,377424.0
237,10,1.9000000000000001,0.6714285714285715,367170.5
238,10,1.9000000000000001,0.7857142857142857,361115.0
239,10,1.9000000000000001,0.9,357231.0
240,10,2.1,0.1,302403.5
241,10,2.1,0.2142857142857143,300793.5
242,10,2.1,0.3285714285714286,298285.5
243,10,2.1,0.44285714285714284,293173.5
244,10,2.1,0.5571428571428572,284687.5
245,10,2.1,0.6714285714285715,277992.0
246,10,2.1,0.7857142857142857,273543.5
247,10,2.1,0.9,271295.5
248,10,2.3,0.1,191490.0
249,10,2.3,0.2142857142857143,190276.0
250,10,2.3,0.3285714285714286,188176.5
251,10,2.3,0.44285714285714284,183939.0
252,10,2.3,0.5571428571428572,177810.0
253,10,2.3,0.6714285714285715,174777.5
254,10,2.3,0.7857142857142857,173496.5
255,10,2.3,0.9,172446.5
256,10,2.5,0.1,56315.0
257,10,2.5,0.2142857142857143,56036.0
258,10,2.5,0.3285714285714286,54976.5
259,10,2.5,0.44285714285714284,53135.0
260,10,2.5,0.5571428571428572,51621.5
261,10,2.5,0.6714285714285715,50557.0
262,10,2.5,0.7857142857142857,50094.0
263,10,2.5,0.9,50022.0
264,15,0.5,0.1,3118367.0
265,15,0.5,0.2142857142857143,3101782.5
266,15,0.5,0.3285714285714286,3065977.5
267,15,0.5,0.44285714285714284,3004628.5
268,15,0.5,0.5571428571428572,2939797.0
269,15,0.5,0.6714285714285715,2869133.0
270,15,0.5,0.7857142857142857,2810193.0
271,15,0.5,0.9,2761941.5
272,15,0.7,0.1,2855294.0
273,15,0.7,0.2142857142857143,2837649.5
274,15,0.7,0.3285714285714286,2803203.5
275,15,0.7,0.44285714285714284,2753294.0
276,15,0.7,0.5571428571428572,2704784.0
277,15,0.7,0.6714285714285715,2649950.0
278,15,0.7,0.7857142857142857,2586443.0
279,15,0.7,0.9,2538035.5
280,15,0.9,0.1,2564940.0
281,15,0.9,0.2142857142857143,2546035.0
282,15,0.9,0.3285714285714286,2516680.5
283,15,0.9,0.44285714285714284,2466355.5
284,15,0.9,0.5571428571428572,2422256.0
285,15,0.9,0.6714285714285715,2375624.5
286,15,0.9,0.7857142857142857,2336656.0
287,15,0.9,0.9,2292678.0
288,15,1.1,0.1,2173319.5
289,15,1.1,0.2142857142857143,2152909.5
290,15,1.1,0.3285714285714286,2124772.5
291,15,1.1,0.44285714285714284,2079087.5
292,15,1.1,0.5571428571428572,2044044.5
293,15,1.1,0.6714285714285715,2003183.5
294,15,1.1,0.7857142857142857,1970398.0
295,15,1.1,0.9,1943975.0
296,15,1.3,0.1,1847971.0
297,15,1.3,0.2142857142857143,1826075.0
298,15,1.3,0.3285714285714286,1796842.0
299,15,1.3,0.44285714285714284,1756367.0
300,15,1.3,0.5571428571428572,1724727.0
301,15,1.3,0.6714285714285715,1687847.5
302,15,1.3,0.7857142857142857,1659329.5
303,15,1.3,0.9,1639815.5
304,15,1.5,0.1,1489954.5
305,15,1.5,0.2142857142857143,1466274.0
306,15,1.5,0.3285714285714286,1438545.5
307,15,1.5,0.44285714285714284,1404153.5
308,15,1.5,0.5571428571428572,1375951.0
309,15,1.5,0.6714285714285715,1344179.5
310,15,1.5,0.7857142857142857,1324983.0
311,15,1.5,0.9,1313131.0
312,15,1.7000000000000002,0.1,1079507.0
313,15,1.7000000000000002,0.2142857142857143,1061473.0
314,15,1.7000000000000002,0.3285714285714286,1041379.5
315,15,1.7000000000000002,0.44285714285714284,1013583.5
316,15,1.7000000000000002,0.5571428571428572,992770.5
317,15,1.7000000000000002,0.6714285714285715,969282.5
318,15,1.7000000000000002,0.7857142857142857,957991.5
319,15,1.7000000000000002,0.9,953360.5
320,15,1.9000000000000001,0.1,644288.0
321,15,1.9000000000000001,0.2142857142857143,639018.5
322,15,1.9000000000000001,0.3285714285714286,629925.5
323,15,1.9000000000000001,0.44285714285714284,609716.5
324,15,1.9000000000000001,0.5571428571428572,595730.5
325,15,1.9000000000000001,0.6714285714285715,581360.0
326,15,1.9000000000000001,0.7857142857142857,575539.5
327,15,1.9000000000000001,0.9,574136.0
328,15,2.1,0.1,361099.0
329,15,2.1,0.2142857142857143,357905.5
330,15,2.1,0.3285714285714286,350093.0
331,15,2.1,0.44285714285714284,335693.0
332,15,2.1,0.5571428571428572,330675.0
333,15,2.1,0.6714285714285715,328699.5
334,15,2.1,0.7857142857142857,328167.5
335,15,2.1,0.9,327887.5
336,15,2.3,0.1,39399.0
337,15,2.3,0.2142857142857143,38766.5
338,15,2.3,0.3285714285714286,38051.0
339,15,2.3,0.44285714285714284,37749.0
340,15,2.3,0.5571428571428572,37612.0
341,15,2.3,0.6714285714285715,36981.5
342,15,2.3,0.7857142857142857,36760.5
343,15,2.3,0.9,36598.5
344,15,2.5,0.1,11481.5
345,15,2.5,0.2142857142857143,11481.5
346,15,2.5,0.3285714285714286,11481.5
347,15,2.5,0.44285714285714284,11356.5
348,15,2.5,0.5571428571428572,11266.0
349,15,2.5,0.6714285714285715,10635.5
350,15,2.5,0.7857142857142857,10414.5
351,15,2.5,0.9,10414.5
352,20,0.5,0.1,3144087.0
353,20,0.5,0.2142857142857143,3133927.5
354,20,0.5,0.3285714285714286,3102985.0
355,20,0.5,0.44285714285714284,3045396.5
356,20,0.5,0.5571428571428572,2975149.5
357,20,0.5,0.6714285714285715,2905493.0
358,20,0.5,0.7857142857142857,2846051.5
359,20,0.5,0.9,2792351.5
360,20,0.7,0.1,2892475.0
361,20,0.7,0.2142857142857143,2882751.0
362,20,0.7,0.3285714285714286,2849467.5
363,20,0.7,0.44285714285714284,2798615.5
364,20,0.7,0.5571428571428572,2747841.0
365,20,0.7,0.6714285714285715,2694475.0
366,20,0.7,0.7857142857142857,2634149.0
367,20,0.7,0.9,2579691.5
368,20,0.9,0.1,2593318.5
369,20,0.9,0.2142857142857143,2579962.0
370,20,0.9,0.3285714285714286,2545174.0
371,20,0.9,0.44285714285714284,2497661.0
372,20,0.9,0.5571428571428572,2447093.0
373,20,0.9,0.6714285714285715,2397566.0
374,20,0.9,0.7857142857142857,2361496.5
375,20,0.9,0.9,2318971.5
376,20,1.1,0.1,2201663.5
377,20,1.1,0.2142857142857143,2186110.5
378,20,1.1,0.3285714285714286,2152872.0
379,20,1.1,0.44285714285714284,2113793.5
380,20,1.1,0.5571428571428572,2074701.0
381,20,1.1,0.6714285714285715,2032909.5
382,20,1.1,0.7857142857142857,2003279.0
383,20,1.1,0.9,1974413.0
384,20,1.3,0.1,1890592.5
385,20,1.3,0.2142857142857143,1873115.0
386,20,1.3,0.3285714285714286,1839838.0
387,20,1.3,0.44285714285714284,1805587.0
388,20,1.3,0.5571428571428572,1767192.0
389,20,1.3,0.6714285714285715,1728038.0
390,20,1.3,0.7857142857142857,1703326.5
391,20,1.3,0.9,1680189.0
392,20,1.5,0.1,1547335.5
393,20,1.5,0.2142857142857143,1526268.5
394,20,1.5,0.3285714285714286,1493577.5
395,20,1.5,0.44285714285714284,1460688.0
396,20,1.5,0.5571428571428572,1426620.0
397,20,1.5,0.6714285714285715,1392259.5
398,20,1.5,0.7857142857142857,1373484.0
399,20,1.5,0.9,1358395.0
400,20,1.7000000000000002,0.1,1183757.0
401,20,1.7000000000000002,0.2142857142857143,1169947.0
402,20,1.7000000000000002,0.3285714285714286,1142806.5
403,20,1.7000000000000002,0.44285714285714284,1116871.0
404,20,1.7000000000000002,0.5571428571428572,1090505.0
405,20,1.7000000000000002,0.6714285714285715,1065473.0
406,20,1.7000000000000002,0.7857142857142857,1055108.5
407,20,1.7000000000000002,0.9,1050286.5
408,20,1.9000000000000001,0.1,774043.5
409,20,1.9000000000000001,0.2142857142857143,767996.5
410,20,1.9000000000000001,0.3285714285714286,748454.0
411,20,1.9000000000000001,0.44285714285714284,728494.5
412,20,1.9000000000000001,0.5571428571428572,713589.5
413,20,1.9000000000000001,0.6714285714285715,702493.0
414,20,1.9000000000000001,0.7857142857142857,697041.5
415,20,1.9000000000000001,0.9,694346.5
416,20,2.1,0.1,299042.5
417,20,2.1,0.2142857142857143,295097.5
418,20,2.1,0.3285714285714286,286860.0
419,20,2.1,0.44285714285714284,282453.0
420,20,2.1,0.5571428571428572,278664.0
421,20,2.1,0.6714285714285715,274180.5
422,20,2.1,0.7857142857142857,271889.5
423,20,2.1,0.9,270694.0
424,20,2.3,0.1,105159.0
425,20,2.3,0.2142857142857143,104759.5
426,20,2.3,0.3285714285714286,103853.5
427,20,2.3,0.44285714285714284,102402.0
428,20,2.3,0.5571428571428572,99576.0
429,20,2.3,0.6714285714285715,96666.0
430,20,2.3,0.7857142857142857,95798.5
431,20,2.3,0.9,95661.5
432,20,2.5,0.1,39355.5
433,20,2.5,0.2142857142857143,39157.5
434,20,2.5,0.3285714285714286,38581.5
435,20,2.5,0.44285714285714284,37692.0
436,20,2.5,0.5571428571428572,36558.0
437,20,2.5,0.6714285714285715,35907.0
438,20,2.5,0.7857142857142857,35907.0
439,20,2.5,0.9,35907.0
440,40,0.5,0.1,3178535.5
441,40,0.5,0.2142857142857143,3173855.5
442,40,0.5,0.3285714285714286,3155825.0
443,40,0.5,0.44285714285714284,3104830.5
444,40,0.5,0.5571428571428572,3033815.5
445,40,0.5,0.6714285714285715,2964342.0
446,40,0.5,0.7857142857142857,2895384.5
447,40,0.5,0.9,2847352.5
448,40,0.7,0.1,2928730.0
449,40,0.7,0.2142857142857143,2921530.5
450,40,0.7,0.3285714285714286,2900912.0
451,40,0.7,0.44285714285714284,2851185.0
452,40,0.7,0.5571428571428572,2799121.0
453,40,0.7,0.6714285714285715,2752687.0
454,40,0.7,0.7857142857142857,2681911.5
455,40,0.7,0.9,2633867.5
456,40,0.9,0.1,2648156.0
457,40,0.9,0.2142857142857143,2638365.0
458,40,0.9,0.3285714285714286,2615736.5
459,40,0.9,0.44285714285714284,2566019.0
460,40,0.9,0.5571428571428572,2512313.5
461,40,0.9,0.6714285714285715,2465188.0
462,40,0.9,0.7857142857142857,2422167.0
463,40,0.9,0.9,2388104.5
464,40,1.1,0.1,2247868.5
465,40,1.1,0.2142857142857143,2236614.5
466,40,1.1,0.3285714285714286,2213161.0
467,40,1.1,0.44285714285714284,2171373.0
468,40,1.1,0.5571428571428572,2132057.5
469,40,1.1,0.6714285714285715,2093394.5
470,40,1.1,0.7857142857142857,2053621.0
471,40,1.1,0.9,2027730.5
472,40,1.3,0.1,1956513.0
473,40,1.3,0.2142857142857143,1943160.0
474,40,1.3,0.3285714285714286,1918834.5
475,40,1.3,0.44285714285714284,1876700.0
476,40,1.3,0.5571428571428572,1840497.5
477,40,1.3,0.6714285714285715,1804093.0
478,40,1.3,0.7857142857142857,1769130.5
479,40,1.3,0.9,1745721.0
480,40,1.5,0.1,1622223.0
481,40,1.5,0.2142857142857143,1606264.5
482,40,1.5,0.3285714285714286,1579002.5
483,40,1.5,0.44285714285714284,1546560.0
484,40,1.5,0.5571428571428572,1514424.0
485,40,1.5,0.6714285714285715,1480994.0
486,40,1.5,0.7857142857142857,1448878.5
487,40,1.5,0.9,1431427.5
488,40,1.7000000000000002,0.1,1302222.0
489,40,1.7000000000000002,0.2142857142857143,1289184.5
490,40,1.7000000000000002,0.3285714285714286,1265676.5
491,40,1.7000000000000002,0.44285714285714284,1235701.5
492,40,1.7000000000000002,0.5571428571428572,1206435.5
493,40,1.7000000000000002,0.6714285714285715,1177754.5
494,40,1.7000000000000002,0.7857142857142857,1153977.5
495,40,1.7000000000000002,0.9,1147298.0
496,40,1.9000000000000001,0.1,978257.0
497,40,1.9000000000000001,0.2142857142857143,972340.5
498,40,1.9000000000000001,0.3285714285714286,958400.0
499,40,1.9000000000000001,0.44285714285714284,932304.5
500,40,1.9000000000000001,0.5571428571428572,909496.5
501,40,1.9000000000000001,0.6714285714285715,891824.0
502,40,1.9000000000000001,0.7857142857142857,876803.0
503,40,1.9000000000000001,0.9,874532.5
504,40,2.1,0.1,527054.5
505,40,2.1,0.2142857142857143,524121.0
506,40,2.1,0.3285714285714286,514983.0
507,40,2.1,0.44285714285714284,499379.5
508,40,2.1,0.5571428571428572,485837.5
509,40,2.1,0.6714285714285715,479591.0
510,40,2.1,0.7857142857142857,478286.5
511,40,2.1,0.9,478286.5
512,40,2.3,0.1,141371.0
513,40,2.3,0.2142857142857143,140745.0
514,40,2.3,0.3285714285714286,138249.0
515,40,2.3,0.44285714285714284,131321.5
516,40,2.3,0.5571428571428572,129610.0
517,40,2.3,0.6714285714285715,129610.0
518,40,2.3,0.7857142857142857,129610.0
519,40,2.3,0.9,129610.0
520,40,2.5,0.1,4752.5
521,40,2.5,0.2142857142857143,4752.5
522,40,2.5,0.3285714285714286,4752.5
523,40,2.5,0.44285714285714284,4752.5
524,40,2.5,0.5571428571428572,4752.5
525,40,2.5,0.6714285714285715,4752.5
526,40,2.5,0.7857142857142857,4752.5
527,40,2.5,0.9,4752.5
528,60,0.5,0.1,3190867.5
529,60,0.5,0.2142857142857143,3186987.0
530,60,0.5,0.3285714285714286,3172129.0
531,60,0.5,0.44285714285714284,3121606.5
532,60,0.5,0.5571428571428572,3053866.5
533,60,0.5,0.6714285714285715,2984874.5
534,60,0.5,0.7857142857142857,2909437.5
535,60,0.5,0.9,2864757.5
536,60,0.7,0.1,2943557.5
537,60,0.7,0.2142857142857143,2937803.0
538,60,0.7,0.3285714285714286,2921647.0
539,60,0.7,0.44285714285714284,2872734.0
540,60,0.7,0.5571428571428572,2821316.5
541,60,0.7,0.6714285714285715,2775785.0
542,60,0.7,0.7857142857142857,2701240.5
543,60,0.7,0.9,2656699.0
544,60,0.9,0.1,2660418.0
545,60,0.9,0.2142857142857143,2651753.5
546,60,0.9,0.3285714285714286,2634347.5
547,60,0.9,0.44285714285714284,2584172.0
548,60,0.9,0.5571428571428572,2529899.0
549,60,0.9,0.6714285714285715,2484103.5
550,60,0.9,0.7857142857142857,2436089.0
551,60,0.9,0.9,2405035.0
552,60,1.1,0.1,2266502.0
553,60,1.1,0.2142857142857143,2255681.0
554,60,1.1,0.3285714285714286,2237103.5
555,60,1.1,0.44285714285714284,2193261.0
556,60,1.1,0.5571428571428572,2151706.0
557,60,1.1,0.6714285714285715,2113428.5
558,60,1.1,0.7857142857142857,2070213.0
559,60,1.1,0.9,2047070.0
560,60,1.3,0.1,1973939.5
561,60,1.3,0.2142857142857143,1962086.0
562,60,1.3,0.3285714285714286,1939700.5
563,60,1.3,0.44285714285714284,1897048.5
564,60,1.3,0.5571428571428572,1861040.0
565,60,1.3,0.6714285714285715,1825488.0
566,60,1.3,0.7857142857142857,1784814.5
567,60,1.3,0.9,1765882.5
568,60,1.5,0.1,1650261.0
569,60,1.5,0.2142857142857143,1636728.5
570,60,1.5,0.3285714285714286,1611557.0
571,60,1.5,0.44285714285714284,1577021.0
572,60,1.5,0.5571428571428572,1544336.0
573,60,1.5,0.6714285714285715,1511284.5
574,60,1.5,0.7857142857142857,1475391.0
575,60,1.5,0.9,1460220.0
576,60,1.7000000000000002,0.1,1344907.5
577,60,1.7000000000000002,0.2142857142857143,1330928.0
578,60,1.7000000000000002,0.3285714285714286,1310210.0
579,60,1.7000000000000002,0.44285714285714284,1276552.0
580,60,1.7000000000000002,0.5571428571428572,1246164.0
581,60,1.7000000000000002,0.6714285714285715,1216514.0
582,60,1.7000000000000002,0.7857142857142857,1188848.5
583,60,1.7000000000000002,0.9,1182809.0
584,60,1.9000000000000001,0.1,1039799.5
585,60,1.9000000000000001,0.2142857142857143,1033657.5
586,60,1.9000000000000001,0.3285714285714286,1023272.5
587,60,1.9000000000000001,0.44285714285714284,996224.5
588,60,1.9000000000000001,0.5571428571428572,971289.0
589,60,1.9000000000000001,0.6714285714285715,949486.0
590,60,1.9000000000000001,0.7857142857142857,933275.5
591,60,1.9000000000000001,0.9,930885.5
592,60,2.1,0.1,631363.0
593,60,2.1,0.2142857142857143,628377.0
594,60,2.1,0.3285714285714286,621267.5
595,60,2.1,0.44285714285714284,598924.5
596,60,2.1,0.5571428571428572,582187.5
597,60,2.1,0.6714285714285715,576637.5
598,60,2.1,0.7857142857142857,575118.5
599,60,2.1,0.9,575060.5
600,60,2.3,0.1,151075.0
601,60,2.3,0.2142857142857143,149454.0
602,60,2.3,0.3285714285714286,146916.5
603,60,2.3,0.44285714285714284,143459.5
604,60,2.3,0.5571428571428572,141125.5
605,60,2.3,0.6714285714285715,140835.5
606,60,2.3,0.7857142857142857,140835.5
607,60,2.3,0.9,140835.5
608,60,2.5,0.1,9461.0
609,60,2.5,0.2142857142857143,9414.5
610,60,2.5,0.3285714285714286,9248.5
611,60,2.5,0.44285714285714284,9167.5
612,60,2.5,0.5571428571428572,9167.5
613,60,2.5,0.6714285714285715,9167.5
614,60,2.5,0.7857142857142857,9167.5
615,60,2.5,0.9,9167.5
616,80,0.5,0.1,3192754.0
617,80,0.5,0.2142857142857143,3192009.0
618,80,0.5,0.3285714285714286,3177717.5
619,80,0.5,0.44285714285714284,3131340.0
620,80,0.5,0.5571428571428572,3060917.5
621,80,0.5,0.6714285714285715,2992980.0
622,80,0.5,0.7857142857142857,2920455.5
623,80,0.5,0.9,2871696.5
624,80,0.7,0.1,2950046.5
625,80,0.7,0.2142857142857143,2946921.0
626,80,0.7,0.3285714285714286,2931183.5
627,80,0.7,0.44285714285714284,2885528.5
628,80,0.7,0.5571428571428572,2830294.0
629,80,0.7,0.6714285714285715,2783862.5
630,80,0.7,0.7857142857142857,2713398.0
631,80,0.7,0.9,2664315.0
632,80,0.9,0.1,2665407.5
633,80,0.9,0.2142857142857143,2657258.5
634,80,0.9,0.3285714285714286,2641343.5
635,80,0.9,0.44285714285714284,2594763.0
636,80,0.9,0.5571428571428572,2537749.5
637,80,0.9,0.6714285714285715,2491481.0
638,80,0.9,0.7857142857142857,2445552.5
639,80,0.9,0.9,2411642.5
640,80,1.1,0.1,2273905.0
641,80,1.1,0.2142857142857143,2264064.0
642,80,1.1,0.3285714285714286,2245957.5
643,80,1.1,0.44285714285714284,2203491.5
644,80,1.1,0.5571428571428572,2160774.5
645,80,1.1,0.6714285714285715,2122899.0
646,80,1.1,0.7857142857142857,2081474.5
647,80,1.1,0.9,2054263.0
648,80,1.3,0.1,1981102.5
649,80,1.3,0.2142857142857143,1969853.5
650,80,1.3,0.3285714285714286,1949351.5
651,80,1.3,0.44285714285714284,1907501.5
652,80,1.3,0.5571428571428572,1868910.0
653,80,1.3,0.6714285714285715,1833778.0
654,80,1.3,0.7857142857142857,1795587.0
655,80,1.3,0.9,1771610.0
656,80,1.5,0.1,1660707.5
657,80,1.5,0.2142857142857143,1649110.5
658,80,1.5,0.3285714285714286,1625097.0
659,80,1.5,0.44285714285714284,1592337.5
660,80,1.5,0.5571428571428572,1558630.0
661,80,1.5,0.6714285714285715,1525949.0
662,80,1.5,0.7857142857142857,1490795.0
663,80,1.5,0.9,1472139.5
664,80,1.7000000000000002,0.1,1356891.5
665,80,1.7000000000000002,0.2142857142857143,1343897.0
666,80,1.7000000000000002,0.3285714285714286,1323193.0
667,80,1.7000000000000002,0.44285714285714284,1291449.0
668,80,1.7000000000000002,0.5571428571428572,1259843.0
669,80,1.7000000000000002,0.6714285714285715,1230179.5
670,80,1.7000000000000002,0.7857142857142857,1202838.0
671,80,1.7000000000000002,0.9,1193733.0
672,80,1.9000000000000001,0.1,1067875.0
673,80,1.9000000000000001,0.2142857142857143,1062376.5
674,80,1.9000000000000001,0.3285714285714286,1052981.0
675,80,1.9000000000000001,0.44285714285714284,1025770.5
676,80,1.9000000000000001,0.5571428571428572,999568.5
677,80,1.9000000000000001,0.6714285714285715,976364.5
678,80,1.9000000000000001,0.7857142857142857,958050.5
679,80,1.9000000000000001,0.9,954396.5
680,80,2.1,0.1,658752.0
681,80,2.1,0.2142857142857143,655921.0
682,80,2.1,0.3285714285714286,650072.0
683,80,2.1,0.44285714285714284,626836.5
684,80,2.1,0.5571428571428572,608491.0
685,80,2.1,0.6714285714285715,601327.5
686,80,2.1,0.7857142857142857,598811.0
687,80,2.1,0.9,598690.5
688,80,2.3,0.1,186555.5
689,80,2.3,0.2142857142857143,185088.0
690,80,2.3,0.3285714285714286,182674.0
691,80,2.3,0.44285714285714284,174149.5
692,80,2.3,0.5571428571428572,171945.5
693,80,2.3,0.6714285714285715,171904.5
694,80,2.3,0.7857142857142857,171904.5
695,80,2.3,0.9,171904.5
696,80,2.5,0.1,7476.5
697,80,2.5,0.2142857142857143,7653.5
698,80,2.5,0.3285714285714286,7653.5
699,80,2.5,0.44285714285714284,7653.5
700,80,2.5,0.5571428571428572,7653.5
701,80,2.5,0.6714285714285715,7653.5
702,80,2.5,0.7857142857142857,7653.5
703,80,2.5,0.9,7653.5
704,100,0.5,0.1,3193887.0
705,100,0.5,0.2142857142857143,3192691.0
706,100,0.5,0.3285714285714286,3179287.5
707,100,0.5,0.44285714285714284,3136106.5
708,100,0.5,0.5571428571428572,3064506.0
709,100,0.5,0.6714285714285715,2998149.0
710,100,0.5,0.7857142857142857,2923581.5
711,100,0.5,0.9,2876026.0
712,100,0.7,0.1,2954836.5
713,100,0.7,0.2142857142857143,2950689.0
714,100,0.7,0.3285714285714286,2936619.5
715,100,0.7,0.44285714285714284,2893054.0
716,100,0.7,0.5571428571428572,2837973.5
717,100,0.7,0.6714285714285715,2792360.5
718,100,0.7,0.7857142857142857,2720554.5
719,100,0.7,0.9,2672154.0
720,100,0.9,0.1,2665792.0
721,100,0.9,0.2142857142857143,2657541.5
722,100,0.9,0.3285714285714286,2642729.5
723,100,0.9,0.44285714285714284,2597637.5
724,100,0.9,0.5571428571428572,2540120.0
725,100,0.9,0.6714285714285715,2494191.0
726,100,0.9,0.7857142857142857,2447170.0
727,100,0.9,0.9,2415050.0
728,100,1.1,0.1,2278181.0
729,100,1.1,0.2142857142857143,2268172.5
730,100,1.1,0.3285714285714286,2251510.5
731,100,1.1,0.44285714285714284,2210932.5
732,100,1.1,0.5571428571428572,2167518.0
733,100,1.1,0.6714285714285715,2129660.0
734,100,1.1,0.7857142857142857,2086836.5
735,100,1.1,0.9,2060557.5
736,100,1.3,0.1,1983877.0
737,100,1.3,0.2142857142857143,1973297.0
738,100,1.3,0.3285714285714286,1952832.5
739,100,1.3,0.44285714285714284,1911889.5
740,100,1.3,0.5571428571428572,1873230.0
741,100,1.3,0.6714285714285715,1838394.5
742,100,1.3,0.7857142857142857,1798799.5
743,100,1.3,0.9,1775235.5
744,100,1.5,0.1,1670296.5
745,100,1.5,0.2142857142857143,1658599.0
746,100,1.5,0.3285714285714286,1635180.0
747,100,1.5,0.44285714285714284,1602620.5
748,100,1.5,0.5571428571428572,1568191.5
749,100,1.5,0.6714285714285715,1535954.5
750,100,1.5,0.7857142857142857,1500384.5
751,100,1.5,0.9,1482248.0
752,100,1.7000000000000002,0.1,1368821.5
753,100,1.7000000000000002,0.2142857142857143,1355124.5
754,100,1.7000000000000002,0.3285714285714286,1334537.0
755,100,1.7000000000000002,0.44285714285714284,1303874.0
756,100,1.7000000000000002,0.5571428571428572,1272517.5
757,100,1.7000000000000002,0.6714285714285715,1243363.0
758,100,1.7000000000000002,0.7857142857142857,1214922.5
759,100,1.7000000000000002,0.9,1205024.0
760,100,1.9000000000000001,0.1,1085582.0
761,100,1.9000000000000001,0.2142857142857143,1079440.5
762,100,1.9000000000000001,0.3285714285714286,1070229.5
763,100,1.9000000000000001,0.44285714285714284,1044445.5
764,100,1.9000000000000001,0.5571428571428572,1017780.0
765,100,1.9000000000000001,0.6714285714285715,993746.0
766,100,1.9000000000000001,0.7857142857142857,974671.0
767,100,1.9000000000000001,0.9,971029.0
768,100,2.1,0.1,686724.0
769,100,2.1,0.2142857142857143,684000.0
770,100,2.1,0.3285714285714286,678123.5
771,100,2.1,0.44285714285714284,656202.0
772,100,2.1,0.5571428571428572,636967.0
773,100,2.1,0.6714285714285715,628449.0
774,100,2.1,0.7857142857142857,626366.0
775,100,2.1,0.9,625959.0
776,100,2.3,0.1,207262.5
777,100,2.3,0.2142857142857143,205488.0
778,100,2.3,0.3285714285714286,201989.5
779,100,2.3,0.44285714285714284,194191.5
780,100,2.3,0.5571428571428572,191342.0
781,100,2.3,0.6714285714285715,191207.0
782,100,2.3,0.7857142857142857,191207.0
783,100,2.3,0.9,191207.0
784,100,2.5,0.1,9070.5
785,100,2.5,0.2142857142857143,8979.5
786,100,2.5,0.3285714285714286,9099.0
787,100,2.5,0.44285714285714284,9099.0
788,100,2.5,0.5571428571428572,9099.0
789,100,2.5,0.6714285714285715,9099.0
790,100,2.5,0.7857142857142857,9099.0
791,100,2.5,0.9,9099.0
